timestamp,RT,DA
2015-07-01 00:00:00,21.76,33.1
2015-07-01 00:05:00,21.98,33.1
2015-07-01 00:10:00,22.36,33.1
2015-07-01 00:15:00,22.38,33.1
2015-07-01 00:20:00,22.25,33.1
2015-07-01 00:25:00,21.99,33.1
2015-07-01 00:30:00,21.96,33.1
2015-07-01 00:35:00,21.82,33.1
2015-07-01 00:40:00,22.0,33.1
2015-07-01 00:45:00,22.29,33.1
2015-07-01 00:50:00,22.46,33.1
2015-07-01 00:55:00,22.06,33.1
2015-07-01 01:00:00,21.78,25.09
2015-07-01 01:05:00,21.75,25.09
2015-07-01 01:10:00,21.9,25.09
2015-07-01 01:15:00,21.81,25.09
2015-07-01 01:20:00,21.58,25.09
2015-07-01 01:25:00,21.45,25.09
2015-07-01 01:30:00,21.41,25.09
2015-07-01 01:35:00,21.38,25.09
2015-07-01 01:40:00,21.33,25.09
2015-07-01 01:45:00,21.3,25.09
2015-07-01 01:50:00,21.17,25.09
2015-07-01 01:55:00,21.04,25.09
2015-07-01 02:00:00,20.98,27.28
2015-07-01 02:05:00,20.89,27.28
2015-07-01 02:10:00,20.75,27.28
2015-07-01 02:15:00,20.57,27.28
2015-07-01 02:20:00,20.41,27.28
2015-07-01 02:25:00,20.24,27.28
2015-07-01 02:30:00,19.99,27.28
2015-07-01 02:35:00,19.77,27.28
2015-07-01 02:40:00,19.62,27.28
2015-07-01 02:45:00,19.44,27.28
2015-07-01 02:50:00,19.24,27.28
2015-07-01 02:55:00,19.11,27.28
2015-07-01 03:00:00,19.01,23.7
2015-07-01 03:05:00,18.87,23.7
2015-07-01 03:10:00,18.78,23.7
2015-07-01 03:15:00,18.85,23.7
2015-07-01 03:20:00,18.99,23.7
2015-07-01 03:25:00,19.39,23.7
2015-07-01 03:30:00,19.3,23.7
2015-07-01 03:35:00,19.19,23.7
2015-07-01 03:40:00,19.07,23.7
2015-07-01 03:45:00,18.93,23.7
2015-07-01 03:50:00,19.08,23.7
2015-07-01 03:55:00,18.95,23.7
2015-07-01 04:00:00,18.98,22.71
2015-07-01 04:05:00,18.92,22.71
2015-07-01 04:10:00,19.08,22.71
2015-07-01 04:15:00,19.04,22.71
2015-07-01 04:20:00,19.12,22.71
2015-07-01 04:25:00,19.13,22.71
2015-07-01 04:30:00,19.12,22.71
2015-07-01 04:35:00,19.06,22.71
2015-07-01 04:40:00,19.03,22.71
2015-07-01 04:45:00,19.01,22.71
2015-07-01 04:50:00,19.08,22.71
2015-07-01 04:55:00,19.05,22.71
2015-07-01 05:00:00,19.05,22.43
2015-07-01 05:05:00,19.23,22.43
2015-07-01 05:10:00,19.31,22.43
2015-07-01 05:15:00,19.2,22.43
2015-07-01 05:20:00,19.26,22.43
2015-07-01 05:25:00,19.25,22.43
2015-07-01 05:30:00,19.37,22.43
2015-07-01 05:35:00,19.65,22.43
2015-07-01 05:40:00,19.81,22.43
2015-07-01 05:45:00,20.11,22.43
2015-07-01 05:50:00,20.31,22.43
2015-07-01 05:55:00,20.54,22.43
2015-07-01 06:00:00,20.48,29.19
2015-07-01 06:05:00,20.59,29.19
2015-07-01 06:10:00,20.9,29.19
2015-07-01 06:15:00,21.15,29.19
2015-07-01 06:20:00,21.28,29.19
2015-07-01 06:25:00,21.16,29.19
2015-07-01 06:30:00,21.04,29.19
2015-07-01 06:35:00,21.0,29.19
2015-07-01 06:40:00,21.03,29.19
2015-07-01 06:45:00,21.13,29.19
2015-07-01 06:50:00,21.05,29.19
2015-07-01 06:55:00,20.83,29.19
2015-07-01 07:00:00,20.76,27.36
2015-07-01 07:05:00,21.24,27.36
2015-07-01 07:06:00,21.59,27.36
2015-07-01 07:10:00,21.37,27.36
2015-07-01 07:15:00,21.21,27.36
2015-07-01 07:20:00,20.82,27.36
2015-07-01 07:25:00,20.6,27.36
2015-07-01 07:30:00,20.9,27.36
2015-07-01 07:35:00,21.03,27.36
2015-07-01 07:40:00,21.02,27.36
2015-07-01 07:45:00,20.85,27.36
2015-07-01 07:50:00,20.81,27.36
2015-07-01 07:55:00,20.92,27.36
2015-07-01 08:00:00,20.79,25.92
2015-07-01 08:05:00,20.78,25.92
2015-07-01 08:10:00,20.83,25.92
2015-07-01 08:15:00,20.85,25.92
2015-07-01 08:20:00,20.88,25.92
2015-07-01 08:25:00,20.8,25.92
2015-07-01 08:30:00,20.91,25.92
2015-07-01 08:35:00,21.3,25.92
2015-07-01 08:40:00,21.55,25.92
2015-07-01 08:45:00,21.77,25.92
2015-07-01 08:50:00,22.1,25.92
2015-07-01 08:55:00,22.01,25.92
2015-07-01 09:00:00,22.09,29.16
2015-07-01 09:05:00,22.17,29.16
2015-07-01 09:10:00,24.36,29.16
2015-07-01 09:15:00,24.61,29.16
2015-07-01 09:20:00,24.21,29.16
2015-07-01 09:25:00,27.08,29.16
2015-07-01 09:30:00,28.05,29.16
2015-07-01 09:35:00,27.09,29.16
2015-07-01 09:40:00,28.41,29.16
2015-07-01 09:45:00,27.09,29.16
2015-07-01 09:50:00,22.99,29.16
2015-07-01 09:55:00,25.86,29.16
2015-07-01 10:00:00,24.31,36.39
2015-07-01 10:05:00,24.94,36.39
2015-07-01 10:10:00,24.67,36.39
2015-07-01 10:15:00,23.86,36.39
2015-07-01 10:20:00,23.92,36.39
2015-07-01 10:25:00,23.8,36.39
2015-07-01 10:30:00,24.78,36.39
2015-07-01 10:35:00,25.55,36.39
2015-07-01 10:40:00,28.06,36.39
2015-07-01 10:45:00,32.55,36.39
2015-07-01 10:50:00,34.58,36.39
2015-07-01 10:55:00,32.18,36.39
2015-07-01 11:00:00,30.5,37.12
2015-07-01 11:05:00,33.79,37.12
2015-07-01 11:10:00,1031.07,37.12
2015-07-01 11:15:00,76.23,37.12
2015-07-01 11:20:00,42.11,37.12
2015-07-01 11:25:00,35.53,37.12
2015-07-01 11:30:00,47.41,37.12
2015-07-01 11:35:00,46.98,37.12
2015-07-01 11:40:00,36.38,37.12
2015-07-01 11:45:00,51.58,37.12
2015-07-01 11:50:00,46.01,37.12
2015-07-01 11:55:00,44.32,37.12
2015-07-01 12:00:00,48.01,39.24
2015-07-01 12:05:00,45.47,39.24
2015-07-01 12:10:00,37.21,39.24
2015-07-01 12:15:00,50.84,39.24
2015-07-01 12:20:00,500.86,39.24
2015-07-01 12:25:00,50.99,39.24
2015-07-01 12:30:00,49.42,39.24
2015-07-01 12:35:00,51.23,39.24
2015-07-01 12:40:00,74.98,39.24
2015-07-01 12:45:00,500.87,39.24
2015-07-01 12:50:00,50.85,39.24
2015-07-01 12:55:00,76.05,39.24
2015-07-01 13:00:00,85.2,40.28
2015-07-01 13:05:00,51.37,40.28
2015-07-01 13:10:00,75.1,40.28
2015-07-01 13:15:00,839.84,40.28
2015-07-01 13:20:00,74.74,40.28
2015-07-01 13:25:00,252.81,40.28
2015-07-01 13:30:00,868.01,40.28
2015-07-01 13:35:00,88.38,40.28
2015-07-01 13:40:00,51.53,40.28
2015-07-01 13:45:00,878.27,40.28
2015-07-01 13:50:00,420.7,40.28
2015-07-01 13:55:00,50.58,40.28
2015-07-01 14:00:00,42.48,44.13
2015-07-01 14:05:00,57.21,44.13
2015-07-01 14:10:00,50.47,44.13
2015-07-01 14:15:00,37.04,44.13
2015-07-01 14:20:00,44.84,44.13
2015-07-01 14:25:00,50.94,44.13
2015-07-01 14:30:00,53.34,44.13
2015-07-01 14:35:00,67.73,44.13
2015-07-01 14:40:00,53.21,44.13
2015-07-01 14:45:00,50.19,44.13
2015-07-01 14:50:00,53.2,44.13
2015-07-01 14:55:00,40.82,44.13
2015-07-01 15:00:00,50.27,49.71
2015-07-01 15:05:00,56.44,49.71
2015-07-01 15:10:00,53.84,49.71
2015-07-01 15:15:00,44.34,49.71
2015-07-01 15:20:00,48.69,49.71
2015-07-01 15:25:00,50.22,49.71
2015-07-01 15:30:00,50.67,49.71
2015-07-01 15:35:00,50.38,49.71
2015-07-01 15:40:00,38.23,49.71
2015-07-01 15:45:00,35.41,49.71
2015-07-01 15:50:00,35.4,49.71
2015-07-01 15:55:00,35.4,49.71
2015-07-01 16:00:00,35.41,50.63
2015-07-01 16:05:00,35.49,50.63
2015-07-01 16:10:00,35.4,50.63
2015-07-01 16:15:00,35.02,50.63
2015-07-01 16:20:00,35.4,50.63
2015-07-01 16:25:00,35.41,50.63
2015-07-01 16:30:00,35.41,50.63
2015-07-01 16:35:00,35.49,50.63
2015-07-01 16:40:00,37.32,50.63
2015-07-01 16:45:00,36.62,50.63
2015-07-01 16:50:00,37.46,50.63
2015-07-01 16:55:00,36.57,50.63
2015-07-01 17:00:00,38.95,45.8
2015-07-01 17:05:00,34.82,45.8
2015-07-01 17:10:00,39.11,45.8
2015-07-01 17:15:00,39.65,45.8
2015-07-01 17:20:00,35.43,45.8
2015-07-01 17:25:00,35.61,45.8
2015-07-01 17:30:00,35.41,45.8
2015-07-01 17:35:00,35.32,45.8
2015-07-01 17:40:00,35.29,45.8
2015-07-01 17:45:00,35.3,45.8
2015-07-01 17:50:00,35.29,45.8
2015-07-01 17:55:00,34.88,45.8
2015-07-01 18:00:00,34.54,47.39
2015-07-01 18:05:00,34.91,47.39
2015-07-01 18:10:00,34.82,47.39
2015-07-01 18:15:00,34.75,47.39
2015-07-01 18:20:00,34.5,47.39
2015-07-01 18:25:00,33.66,47.39
2015-07-01 18:30:00,34.08,47.39
2015-07-01 18:35:00,34.49,47.39
2015-07-01 18:40:00,34.04,47.39
2015-07-01 18:45:00,33.99,47.39
2015-07-01 18:50:00,34.13,47.39
2015-07-01 18:55:00,34.05,47.39
2015-07-01 19:00:00,33.96,49.78
2015-07-01 19:05:00,34.55,49.78
2015-07-01 19:10:00,36.32,49.78
2015-07-01 19:15:00,38.13,49.78
2015-07-01 19:20:00,36.38,49.78
2015-07-01 19:25:00,35.48,49.78
2015-07-01 19:30:00,35.42,49.78
2015-07-01 19:35:00,35.42,49.78
2015-07-01 19:40:00,34.91,49.78
2015-07-01 19:45:00,34.93,49.78
2015-07-01 19:50:00,34.13,49.78
2015-07-01 19:55:00,34.14,49.78
2015-07-01 20:00:00,34.13,36.62
2015-07-01 20:05:00,34.07,36.62
2015-07-01 20:10:00,34.0,36.62
2015-07-01 20:15:00,33.78,36.62
2015-07-01 20:20:00,33.66,36.62
2015-07-01 20:25:00,33.47,36.62
2015-07-01 20:30:00,33.44,36.62
2015-07-01 20:35:00,33.4,36.62
2015-07-01 20:40:00,33.48,36.62
2015-07-01 20:45:00,33.47,36.62
2015-07-01 20:50:00,32.63,36.62
2015-07-01 20:55:00,30.11,36.62
2015-07-01 21:00:00,33.56,33.7
2015-07-01 21:05:00,34.47,33.7
2015-07-01 21:10:00,33.9,33.7
2015-07-01 21:15:00,33.16,33.7
2015-07-01 21:20:00,32.32,33.7
2015-07-01 21:25:00,32.17,33.7
2015-07-01 21:30:00,32.26,33.7
2015-07-01 21:35:00,32.13,33.7
2015-07-01 21:40:00,31.42,33.7
2015-07-01 21:45:00,32.09,33.7
2015-07-01 21:50:00,31.8,33.7
2015-07-01 21:55:00,29.8,33.7
2015-07-01 22:00:00,31.55,31.32
2015-07-01 22:05:00,33.54,31.32
2015-07-01 22:10:00,32.51,31.32
2015-07-01 22:15:00,33.44,31.32
2015-07-01 22:20:00,33.44,31.32
2015-07-01 22:25:00,32.13,31.32
2015-07-01 22:30:00,31.5,31.32
2015-07-01 22:35:00,27.98,31.32
2015-07-01 22:40:00,28.05,31.32
2015-07-01 22:45:00,27.99,31.32
2015-07-01 22:50:00,30.2,31.32
2015-07-01 22:55:00,29.57,31.32
2015-07-01 23:00:00,26.18,28.72
2015-07-01 23:05:00,29.57,28.72
2015-07-01 23:10:00,33.5,28.72
2015-07-01 23:15:00,32.03,28.72
2015-07-01 23:20:00,26.16,28.72
2015-07-01 23:25:00,29.57,28.72
2015-07-01 23:30:00,28.05,28.72
2015-07-01 23:35:00,25.86,28.72
2015-07-01 23:40:00,23.75,28.72
2015-07-01 23:45:00,23.13,28.72
2015-07-01 23:50:00,23.29,28.72
2015-07-01 23:55:00,22.68,28.72
2015-07-02 00:00:00,22.32,29.78
2015-07-02 00:05:00,22.16,29.78
2015-07-02 00:10:00,21.89,29.78
2015-07-02 00:15:00,21.64,29.78
2015-07-02 00:20:00,21.63,29.78
2015-07-02 00:25:00,21.58,29.78
2015-07-02 00:30:00,21.56,29.78
2015-07-02 00:35:00,21.55,29.78
2015-07-02 00:40:00,21.54,29.78
2015-07-02 00:45:00,21.5,29.78
2015-07-02 00:50:00,21.53,29.78
2015-07-02 00:55:00,21.38,29.78
2015-07-02 01:00:00,21.25,25.78
2015-07-02 01:05:00,21.32,25.78
2015-07-02 01:10:00,21.37,25.78
2015-07-02 01:15:00,21.27,25.78
2015-07-02 01:20:00,21.12,25.78
2015-07-02 01:25:00,20.89,25.78
2015-07-02 01:30:00,20.88,25.78
2015-07-02 01:35:00,20.66,25.78
2015-07-02 01:40:00,20.57,25.78
2015-07-02 01:45:00,20.53,25.78
2015-07-02 01:50:00,20.31,25.78
2015-07-02 01:55:00,20.06,25.78
2015-07-02 02:00:00,19.89,22.47
2015-07-02 02:05:00,19.66,22.47
2015-07-02 02:10:00,19.55,22.47
2015-07-02 02:15:00,19.44,22.47
2015-07-02 02:20:00,19.39,22.47
2015-07-02 02:25:00,19.44,22.47
2015-07-02 02:30:00,19.49,22.47
2015-07-02 02:35:00,19.45,22.47
2015-07-02 02:40:00,19.39,22.47
2015-07-02 02:45:00,19.39,22.47
2015-07-02 02:50:00,19.46,22.47
2015-07-02 02:55:00,19.36,22.47
2015-07-02 03:00:00,19.32,21.21
2015-07-02 03:05:00,19.22,21.21
2015-07-02 03:10:00,19.23,21.21
2015-07-02 03:15:00,19.21,21.21
2015-07-02 03:20:00,19.28,21.21
2015-07-02 03:25:00,19.34,21.21
2015-07-02 03:30:00,19.32,21.21
2015-07-02 03:35:00,19.28,21.21
2015-07-02 03:40:00,19.19,21.21
2015-07-02 03:45:00,19.25,21.21
2015-07-02 03:50:00,19.19,21.21
2015-07-02 03:55:00,19.15,21.21
2015-07-02 04:00:00,19.17,21.1
2015-07-02 04:05:00,19.28,21.1
2015-07-02 04:10:00,19.2,21.1
2015-07-02 04:15:00,19.18,21.1
2015-07-02 04:20:00,19.17,21.1
2015-07-02 04:25:00,19.16,21.1
2015-07-02 04:30:00,19.14,21.1
2015-07-02 04:35:00,19.05,21.1
2015-07-02 04:40:00,19.08,21.1
2015-07-02 04:45:00,19.11,21.1
2015-07-02 04:50:00,19.1,21.1
2015-07-02 04:55:00,19.03,21.1
2015-07-02 05:00:00,18.98,20.84
2015-07-02 05:05:00,19.01,20.84
2015-07-02 05:10:00,19.1,20.84
2015-07-02 05:15:00,19.26,20.84
2015-07-02 05:20:00,19.22,20.84
2015-07-02 05:25:00,19.19,20.84
2015-07-02 05:30:00,19.15,20.84
2015-07-02 05:35:00,19.11,20.84
2015-07-02 05:40:00,19.06,20.84
2015-07-02 05:45:00,19.11,20.84
2015-07-02 05:50:00,19.05,20.84
2015-07-02 05:55:00,19.15,20.84
2015-07-02 06:00:00,19.33,26.52
2015-07-02 06:05:00,19.45,26.52
2015-07-02 06:10:00,19.5,26.52
2015-07-02 06:15:00,19.59,26.52
2015-07-02 06:20:00,19.66,26.52
2015-07-02 06:25:00,19.6,26.52
2015-07-02 06:30:00,19.62,26.52
2015-07-02 06:35:00,19.55,26.52
2015-07-02 06:40:00,19.55,26.52
2015-07-02 06:45:00,19.54,26.52
2015-07-02 06:50:00,19.46,26.52
2015-07-02 06:55:00,19.39,26.52
2015-07-02 07:00:00,19.29,26.53
2015-07-02 07:05:00,19.35,26.53
2015-07-02 07:10:00,19.37,26.53
2015-07-02 07:15:00,19.34,26.53
2015-07-02 07:20:00,19.29,26.53
2015-07-02 07:25:00,19.17,26.53
2015-07-02 07:30:00,19.08,26.53
2015-07-02 07:35:00,19.08,26.53
2015-07-02 07:40:00,19.04,26.53
2015-07-02 07:45:00,19.11,26.53
2015-07-02 07:50:00,19.2,26.53
2015-07-02 07:55:00,19.24,26.53
2015-07-02 08:00:00,19.43,30.47
2015-07-02 08:05:00,19.71,30.47
2015-07-02 08:10:00,19.94,30.47
2015-07-02 08:15:00,20.14,30.47
2015-07-02 08:20:00,20.46,30.47
2015-07-02 08:25:00,20.59,30.47
2015-07-02 08:30:00,20.86,30.47
2015-07-02 08:35:00,21.14,30.47
2015-07-02 08:40:00,21.16,30.47
2015-07-02 08:45:00,21.3,30.47
2015-07-02 08:50:00,21.3,30.47
2015-07-02 08:55:00,21.15,30.47
2015-07-02 09:00:00,20.87,38.19
2015-07-02 09:05:00,21.07,38.19
2015-07-02 09:10:00,21.31,38.19
2015-07-02 09:15:00,21.63,38.19
2015-07-02 09:20:00,21.93,38.19
2015-07-02 09:25:00,21.52,38.19
2015-07-02 09:30:00,21.42,38.19
2015-07-02 09:35:00,21.42,38.19
2015-07-02 09:40:00,21.45,38.19
2015-07-02 09:45:00,21.5,38.19
2015-07-02 09:50:00,21.52,38.19
2015-07-02 09:55:00,21.56,38.19
2015-07-02 10:00:00,21.57,39.55
2015-07-02 10:05:00,21.74,39.55
2015-07-02 10:10:00,21.35,39.55
2015-07-02 10:15:00,21.55,39.55
2015-07-02 10:20:00,21.73,39.55
2015-07-02 10:25:00,21.54,39.55
2015-07-02 10:30:00,21.28,39.55
2015-07-02 10:35:00,21.56,39.55
2015-07-02 10:40:00,21.76,39.55
2015-07-02 10:45:00,21.74,39.55
2015-07-02 10:50:00,22.24,39.55
2015-07-02 10:55:00,22.72,39.55
2015-07-02 11:00:00,23.02,40.66
2015-07-02 11:05:00,25.41,40.66
2015-07-02 11:10:00,24.12,40.66
2015-07-02 11:15:00,28.07,40.66
2015-07-02 11:20:00,28.25,40.66
2015-07-02 11:25:00,28.18,40.66
2015-07-02 11:30:00,28.07,40.66
2015-07-02 11:35:00,28.52,40.66
2015-07-02 11:40:00,28.07,40.66
2015-07-02 11:45:00,28.07,40.66
2015-07-02 11:50:00,28.53,40.66
2015-07-02 11:55:00,28.07,40.66
2015-07-02 12:00:00,26.29,44.88
2015-07-02 12:05:00,23.57,44.88
2015-07-02 12:10:00,23.32,44.88
2015-07-02 12:15:00,22.65,44.88
2015-07-02 12:20:00,22.35,44.88
2015-07-02 12:25:00,23.24,44.88
2015-07-02 12:30:00,23.39,44.88
2015-07-02 12:35:00,28.76,44.88
2015-07-02 12:40:00,28.76,44.88
2015-07-02 12:45:00,29.04,44.88
2015-07-02 12:50:00,28.93,44.88
2015-07-02 12:55:00,31.32,44.88
2015-07-02 13:00:00,32.82,59.4
2015-07-02 13:05:00,32.7,59.4
2015-07-02 13:10:00,28.58,59.4
2015-07-02 13:15:00,28.62,59.4
2015-07-02 13:20:00,27.86,59.4
2015-07-02 13:25:00,28.92,59.4
2015-07-02 13:30:00,28.47,59.4
2015-07-02 13:35:00,28.39,59.4
2015-07-02 13:40:00,31.57,59.4
2015-07-02 13:45:00,33.99,59.4
2015-07-02 13:50:00,32.65,59.4
2015-07-02 13:55:00,30.91,59.4
2015-07-02 14:00:00,31.48,61.04
2015-07-02 14:05:00,28.49,61.04
2015-07-02 14:10:00,27.48,61.04
2015-07-02 14:15:00,27.54,61.04
2015-07-02 14:20:00,27.38,61.04
2015-07-02 14:25:00,27.09,61.04
2015-07-02 14:30:00,26.96,61.04
2015-07-02 14:35:00,26.45,61.04
2015-07-02 14:40:00,26.93,61.04
2015-07-02 14:45:00,26.53,61.04
2015-07-02 14:50:00,27.01,61.04
2015-07-02 14:55:00,26.22,61.04
2015-07-02 15:00:00,26.48,61.33
2015-07-02 15:05:00,26.21,61.33
2015-07-02 15:10:00,26.81,61.33
2015-07-02 15:15:00,25.72,61.33
2015-07-02 15:20:00,25.84,61.33
2015-07-02 15:25:00,25.82,61.33
2015-07-02 15:30:00,27.28,61.33
2015-07-02 15:35:00,26.1,61.33
2015-07-02 15:40:00,25.7,61.33
2015-07-02 15:45:00,25.75,61.33
2015-07-02 15:50:00,25.76,61.33
2015-07-02 15:55:00,27.19,61.33
2015-07-02 16:00:00,27.07,55.7
2015-07-02 16:05:00,28.09,55.7
2015-07-02 16:10:00,25.87,55.7
2015-07-02 16:15:00,29.04,55.7
2015-07-02 16:20:00,26.49,55.7
2015-07-02 16:25:00,25.9,55.7
2015-07-02 16:30:00,31.85,55.7
2015-07-02 16:35:00,31.34,55.7
2015-07-02 16:40:00,29.15,55.7
2015-07-02 16:45:00,28.44,55.7
2015-07-02 16:50:00,28.48,55.7
2015-07-02 16:55:00,28.28,55.7
2015-07-02 17:00:00,29.42,41.93
2015-07-02 17:05:00,30.82,41.93
2015-07-02 17:10:00,29.38,41.93
2015-07-02 17:15:00,28.99,41.93
2015-07-02 17:20:00,29.42,41.93
2015-07-02 17:25:00,29.38,41.93
2015-07-02 17:30:00,28.23,41.93
2015-07-02 17:35:00,28.36,41.93
2015-07-02 17:40:00,28.03,41.93
2015-07-02 17:45:00,44.56,41.93
2015-07-02 17:50:00,26.05,41.93
2015-07-02 17:55:00,26.05,41.93
2015-07-02 18:00:00,26.1,40.02
2015-07-02 18:05:00,31.05,40.02
2015-07-02 18:10:00,28.34,40.02
2015-07-02 18:15:00,28.34,40.02
2015-07-02 18:20:00,27.22,40.02
2015-07-02 18:25:00,24.94,40.02
2015-07-02 18:30:00,28.56,40.02
2015-07-02 18:35:00,28.83,40.02
2015-07-02 18:40:00,27.71,40.02
2015-07-02 18:45:00,28.07,40.02
2015-07-02 18:50:00,28.91,40.02
2015-07-02 18:55:00,28.09,40.02
2015-07-02 19:00:00,30.02,35.01
2015-07-02 19:05:00,30.11,35.01
2015-07-02 19:10:00,29.88,35.01
2015-07-02 19:15:00,29.85,35.01
2015-07-02 19:20:00,28.26,35.01
2015-07-02 19:25:00,28.33,35.01
2015-07-02 19:30:00,28.43,35.01
2015-07-02 19:35:00,28.0,35.01
2015-07-02 19:40:00,27.77,35.01
2015-07-02 19:45:00,27.86,35.01
2015-07-02 19:50:00,27.39,35.01
2015-07-02 19:55:00,25.87,35.01
2015-07-02 20:00:00,22.86,31.15
2015-07-02 20:05:00,22.59,31.15
2015-07-02 20:10:00,23.21,31.15
2015-07-02 20:15:00,23.4,31.15
2015-07-02 20:20:00,24.69,31.15
2015-07-02 20:25:00,25.51,31.15
2015-07-02 20:30:00,25.46,31.15
2015-07-02 20:35:00,24.74,31.15
2015-07-02 20:40:00,23.03,31.15
2015-07-02 20:45:00,22.21,31.15
2015-07-02 20:50:00,22.26,31.15
2015-07-02 20:55:00,22.53,31.15
2015-07-02 21:00:00,23.15,31.78
2015-07-02 21:05:00,22.83,31.78
2015-07-02 21:10:00,23.62,31.78
2015-07-02 21:15:00,23.17,31.78
2015-07-02 21:20:00,23.56,31.78
2015-07-02 21:25:00,22.66,31.78
2015-07-02 21:30:00,22.31,31.78
2015-07-02 21:35:00,22.66,31.78
2015-07-02 21:40:00,22.46,31.78
2015-07-02 21:45:00,22.77,31.78
2015-07-02 21:50:00,22.66,31.78
2015-07-02 21:55:00,22.45,31.78
2015-07-02 22:00:00,22.02,26.96
2015-07-02 22:05:00,21.87,26.96
2015-07-02 22:10:00,22.1,26.96
2015-07-02 22:15:00,21.62,26.96
2015-07-02 22:20:00,21.39,26.96
2015-07-02 22:25:00,21.38,26.96
2015-07-02 22:30:00,127.38,26.96
2015-07-02 22:35:00,22.2,26.96
2015-07-02 22:40:00,22.28,26.96
2015-07-02 22:45:00,21.27,26.96
2015-07-02 22:50:00,20.7,26.96
2015-07-02 22:55:00,20.6,26.96
2015-07-02 23:00:00,20.43,25.73
2015-07-02 23:05:00,20.67,25.73
2015-07-02 23:10:00,20.61,25.73
2015-07-02 23:15:00,20.76,25.73
2015-07-02 23:20:00,19.88,25.73
2015-07-02 23:25:00,19.76,25.73
2015-07-02 23:30:00,18.83,25.73
2015-07-02 23:35:00,18.78,25.73
2015-07-02 23:40:00,18.73,25.73
2015-07-02 23:45:00,18.45,25.73
2015-07-02 23:50:00,16.41,25.73
2015-07-02 23:55:00,17.67,25.73
2015-07-03 00:00:00,18.17,22.76
2015-07-03 00:05:00,17.92,22.76
2015-07-03 00:10:00,23.1,22.76
2015-07-03 00:15:00,18.06,22.76
2015-07-03 00:20:00,12.99,22.76
2015-07-03 00:25:00,15.78,22.76
2015-07-03 00:30:00,17.86,22.76
2015-07-03 00:35:00,15.67,22.76
2015-07-03 00:40:00,17.71,22.76
2015-07-03 00:45:00,17.64,22.76
2015-07-03 00:50:00,17.97,22.76
2015-07-03 00:55:00,17.43,22.76
2015-07-03 01:00:00,17.8,20.18
2015-07-03 01:05:00,17.97,20.18
2015-07-03 01:10:00,12.8,20.18
2015-07-03 01:15:00,17.84,20.18
2015-07-03 01:20:00,15.8,20.18
2015-07-03 01:25:00,17.0,20.18
2015-07-03 01:30:00,15.81,20.18
2015-07-03 01:35:00,15.77,20.18
2015-07-03 01:40:00,17.6,20.18
2015-07-03 01:45:00,15.62,20.18
2015-07-03 01:50:00,17.64,20.18
2015-07-03 01:55:00,12.35,20.18
2015-07-03 02:00:00,11.64,19.34
2015-07-03 02:05:00,11.61,19.34
2015-07-03 02:10:00,17.57,19.34
2015-07-03 02:15:00,17.06,19.34
2015-07-03 02:20:00,15.14,19.34
2015-07-03 02:25:00,15.24,19.34
2015-07-03 02:30:00,11.44,19.34
2015-07-03 02:35:00,11.72,19.34
2015-07-03 02:40:00,12.23,19.34
2015-07-03 02:45:00,12.2,19.34
2015-07-03 02:50:00,11.41,19.34
2015-07-03 02:55:00,11.37,19.34
2015-07-03 03:00:00,11.35,19.13
2015-07-03 03:05:00,12.1,19.13
2015-07-03 03:10:00,11.15,19.13
2015-07-03 03:15:00,11.85,19.13
2015-07-03 03:20:00,13.29,19.13
2015-07-03 03:25:00,13.24,19.13
2015-07-03 03:30:00,11.67,19.13
2015-07-03 03:35:00,11.7,19.13
2015-07-03 03:40:00,13.22,19.13
2015-07-03 03:45:00,13.21,19.13
2015-07-03 03:50:00,13.16,19.13
2015-07-03 03:55:00,14.62,19.13
2015-07-03 04:00:00,14.98,19.99
2015-07-03 04:05:00,15.69,19.99
2015-07-03 04:10:00,15.28,19.99
2015-07-03 04:15:00,15.28,19.99
2015-07-03 04:20:00,15.35,19.99
2015-07-03 04:25:00,15.61,19.99
2015-07-03 04:30:00,15.51,19.99
2015-07-03 04:35:00,15.28,19.99
2015-07-03 04:40:00,13.08,19.99
2015-07-03 04:45:00,14.46,19.99
2015-07-03 04:50:00,14.56,19.99
2015-07-03 04:55:00,14.53,19.99
2015-07-03 05:00:00,14.07,23.18
2015-07-03 05:05:00,15.05,23.18
2015-07-03 05:10:00,17.34,23.18
2015-07-03 05:15:00,22.3,23.18
2015-07-03 05:20:00,19.08,23.18
2015-07-03 05:25:00,18.67,23.18
2015-07-03 05:30:00,20.44,23.18
2015-07-03 05:35:00,19.9,23.18
2015-07-03 05:40:00,20.23,23.18
2015-07-03 05:45:00,18.91,23.18
2015-07-03 05:50:00,19.02,23.18
2015-07-03 05:55:00,19.52,23.18
2015-07-03 06:00:00,18.69,30.18
2015-07-03 06:05:00,19.26,30.18
2015-07-03 06:10:00,19.06,30.18
2015-07-03 06:15:00,19.0,30.18
2015-07-03 06:20:00,19.08,30.18
2015-07-03 06:25:00,19.2,30.18
2015-07-03 06:30:00,18.83,30.18
2015-07-03 06:31:00,18.96,30.18
2015-07-03 06:35:00,19.33,30.18
2015-07-03 06:40:00,19.34,30.18
2015-07-03 06:45:00,19.2,30.18
2015-07-03 06:50:00,31.57,30.18
2015-07-03 06:55:00,23.41,30.18
2015-07-03 07:00:00,19.67,26.49
2015-07-03 07:05:00,20.64,26.49
2015-07-03 07:10:00,20.09,26.49
2015-07-03 07:15:00,19.19,26.49
2015-07-03 07:20:00,19.48,26.49
2015-07-03 07:25:00,18.5,26.49
2015-07-03 07:30:00,18.7,26.49
2015-07-03 07:35:00,18.77,26.49
2015-07-03 07:40:00,18.8,26.49
2015-07-03 07:45:00,18.59,26.49
2015-07-03 07:50:00,18.48,26.49
2015-07-03 07:55:00,18.59,26.49
2015-07-03 08:00:00,18.85,26.2
2015-07-03 08:05:00,19.0,26.2
2015-07-03 08:10:00,19.18,26.2
2015-07-03 08:15:00,19.44,26.2
2015-07-03 08:20:00,19.37,26.2
2015-07-03 08:25:00,19.44,26.2
2015-07-03 08:30:00,19.39,26.2
2015-07-03 08:35:00,19.3,26.2
2015-07-03 08:40:00,19.31,26.2
2015-07-03 08:45:00,19.24,26.2
2015-07-03 08:50:00,19.08,26.2
2015-07-03 08:55:00,18.82,26.2
2015-07-03 09:00:00,18.9,25.76
2015-07-03 09:05:00,18.34,25.76
2015-07-03 09:10:00,17.93,25.76
2015-07-03 09:15:00,18.04,25.76
2015-07-03 09:20:00,18.03,25.76
2015-07-03 09:25:00,17.98,25.76
2015-07-03 09:30:00,18.11,25.76
2015-07-03 09:35:00,17.99,25.76
2015-07-03 09:40:00,18.13,25.76
2015-07-03 09:45:00,26.44,25.76
2015-07-03 09:50:00,18.87,25.76
2015-07-03 09:55:00,18.26,25.76
2015-07-03 10:00:00,18.7,27.86
2015-07-03 10:05:00,18.2,27.86
2015-07-03 10:10:00,17.45,27.86
2015-07-03 10:15:00,16.74,27.86
2015-07-03 10:20:00,17.09,27.86
2015-07-03 10:25:00,17.64,27.86
2015-07-03 10:30:00,18.08,27.86
2015-07-03 10:35:00,17.68,27.86
2015-07-03 10:40:00,17.01,27.86
2015-07-03 10:45:00,17.53,27.86
2015-07-03 10:50:00,18.39,27.86
2015-07-03 10:55:00,18.79,27.86
2015-07-03 11:00:00,18.08,30.47
2015-07-03 11:05:00,17.78,30.47
2015-07-03 11:10:00,17.69,30.47
2015-07-03 11:15:00,17.88,30.47
2015-07-03 11:20:00,17.9,30.47
2015-07-03 11:25:00,17.86,30.47
2015-07-03 11:30:00,17.96,30.47
2015-07-03 11:35:00,18.02,30.47
2015-07-03 11:40:00,18.16,30.47
2015-07-03 11:45:00,18.01,30.47
2015-07-03 11:50:00,17.68,30.47
2015-07-03 11:55:00,17.58,30.47
2015-07-03 12:00:00,17.61,30.91
2015-07-03 12:05:00,17.38,30.91
2015-07-03 12:10:00,17.21,30.91
2015-07-03 12:15:00,17.71,30.91
2015-07-03 12:20:00,17.84,30.91
2015-07-03 12:25:00,18.01,30.91
2015-07-03 12:30:00,17.94,30.91
2015-07-03 12:35:00,17.97,30.91
2015-07-03 12:40:00,18.19,30.91
2015-07-03 12:45:00,18.02,30.91
2015-07-03 12:50:00,17.91,30.91
2015-07-03 12:55:00,17.78,30.91
2015-07-03 13:00:00,17.94,32.06
2015-07-03 13:05:00,17.82,32.06
2015-07-03 13:10:00,17.54,32.06
2015-07-03 13:15:00,17.63,32.06
2015-07-03 13:20:00,17.29,32.06
2015-07-03 13:25:00,17.75,32.06
2015-07-03 13:30:00,17.82,32.06
2015-07-03 13:35:00,17.83,32.06
2015-07-03 13:40:00,17.62,32.06
2015-07-03 13:45:00,17.82,32.06
2015-07-03 13:50:00,17.87,32.06
2015-07-03 13:55:00,17.97,32.06
2015-07-03 14:00:00,17.99,31.69
2015-07-03 14:05:00,18.07,31.69
2015-07-03 14:10:00,18.06,31.69
2015-07-03 14:15:00,18.11,31.69
2015-07-03 14:20:00,18.12,31.69
2015-07-03 14:25:00,18.11,31.69
2015-07-03 14:30:00,18.12,31.69
2015-07-03 14:35:00,18.3,31.69
2015-07-03 14:40:00,18.14,31.69
2015-07-03 14:45:00,18.05,31.69
2015-07-03 14:50:00,18.1,31.69
2015-07-03 14:55:00,18.11,31.69
2015-07-03 15:00:00,18.25,30.18
2015-07-03 15:05:00,18.28,30.18
2015-07-03 15:10:00,18.23,30.18
2015-07-03 15:15:00,18.21,30.18
2015-07-03 15:20:00,18.2,30.18
2015-07-03 15:25:00,18.23,30.18
2015-07-03 15:30:00,18.15,30.18
2015-07-03 15:35:00,18.25,30.18
2015-07-03 15:42:00,18.34,30.18
2015-07-03 15:43:00,18.33,30.18
2015-07-03 15:45:00,18.31,30.18
2015-07-03 15:50:00,18.16,30.18
2015-07-03 15:55:00,18.25,30.18
2015-07-03 16:00:00,18.35,33.17
2015-07-03 16:05:00,18.32,33.17
2015-07-03 16:10:00,18.26,33.17
2015-07-03 16:15:00,18.33,33.17
2015-07-03 16:20:00,18.32,33.17
2015-07-03 16:25:00,18.32,33.17
2015-07-03 16:30:00,18.41,33.17
2015-07-03 16:35:00,18.49,33.17
2015-07-03 16:40:00,18.44,33.17
2015-07-03 16:45:00,18.45,33.17
2015-07-03 16:50:00,18.41,33.17
2015-07-03 16:55:00,18.45,33.17
2015-07-03 17:00:00,18.4,44.45
2015-07-03 17:05:00,18.39,44.45
2015-07-03 17:10:00,18.4,44.45
2015-07-03 17:15:00,18.46,44.45
2015-07-03 17:20:00,18.46,44.45
2015-07-03 17:25:00,18.52,44.45
2015-07-03 17:30:00,18.53,44.45
2015-07-03 17:35:00,18.63,44.45
2015-07-03 17:40:00,18.61,44.45
2015-07-03 17:45:00,18.62,44.45
2015-07-03 17:50:00,18.63,44.45
2015-07-03 17:55:00,18.78,44.45
2015-07-03 17:58:00,18.99,44.45
2015-07-03 18:00:00,19.02,48.94
2015-07-03 18:05:00,19.08,48.94
2015-07-03 18:10:00,19.18,48.94
2015-07-03 18:15:00,19.26,48.94
2015-07-03 18:20:00,19.3,48.94
2015-07-03 18:25:00,19.27,48.94
2015-07-03 18:30:00,19.15,48.94
2015-07-03 18:35:00,19.24,48.94
2015-07-03 18:40:00,19.46,48.94
2015-07-03 18:45:00,19.87,48.94
2015-07-03 18:50:00,20.15,48.94
2015-07-03 18:55:00,20.79,48.94
2015-07-03 19:00:00,20.28,47.44
2015-07-03 19:05:00,20.13,47.44
2015-07-03 19:10:00,20.06,47.44
2015-07-03 19:15:00,20.37,47.44
2015-07-03 19:20:00,23.88,47.44
2015-07-03 19:21:00,25.6,47.44
2015-07-03 19:22:00,25.6,47.44
2015-07-03 19:25:00,25.03,47.44
2015-07-03 19:30:00,25.57,47.44
2015-07-03 19:32:00,25.78,47.44
2015-07-03 19:35:00,25.83,47.44
2015-07-03 19:40:00,25.85,47.44
2015-07-03 19:45:00,25.86,47.44
2015-07-03 19:50:00,24.02,47.44
2015-07-03 19:55:00,21.75,47.44
2015-07-03 20:00:00,21.79,39.24
2015-07-03 20:05:00,21.29,39.24
2015-07-03 20:10:00,20.85,39.24
2015-07-03 20:15:00,20.81,39.24
2015-07-03 20:20:00,20.76,39.24
2015-07-03 20:25:00,20.84,39.24
2015-07-03 20:30:00,20.74,39.24
2015-07-03 20:35:00,20.65,39.24
2015-07-03 20:40:00,20.55,39.24
2015-07-03 20:45:00,20.7,39.24
2015-07-03 20:50:00,20.73,39.24
2015-07-03 20:55:00,20.65,39.24
2015-07-03 21:00:00,21.44,33.55
2015-07-03 21:05:00,20.86,33.55
2015-07-03 21:10:00,21.15,33.55
2015-07-03 21:15:00,21.01,33.55
2015-07-03 21:20:00,20.68,33.55
2015-07-03 21:25:00,20.44,33.55
2015-07-03 21:30:00,20.3,33.55
2015-07-03 21:35:00,20.12,33.55
2015-07-03 21:40:00,19.95,33.55
2015-07-03 21:45:00,19.81,33.55
2015-07-03 21:50:00,19.63,33.55
2015-07-03 21:55:00,19.44,33.55
2015-07-03 22:00:00,19.4,27.79
2015-07-03 22:05:00,21.42,27.79
2015-07-03 22:10:00,21.46,27.79
2015-07-03 22:15:00,19.92,27.79
2015-07-03 22:20:00,20.0,27.79
2015-07-03 22:25:00,21.35,27.79
2015-07-03 22:30:00,20.86,27.79
2015-07-03 22:35:00,20.37,27.79
2015-07-03 22:40:00,20.38,27.79
2015-07-03 22:45:00,20.18,27.79
2015-07-03 22:50:00,19.7,27.79
2015-07-03 22:55:00,19.64,27.79
2015-07-03 23:00:00,19.63,27.03
2015-07-03 23:05:00,19.57,27.03
2015-07-03 23:10:00,19.51,27.03
2015-07-03 23:15:00,19.2,27.03
2015-07-03 23:20:00,19.07,27.03
2015-07-03 23:25:00,19.03,27.03
2015-07-03 23:30:00,19.22,27.03
2015-07-03 23:35:00,19.21,27.03
2015-07-03 23:40:00,18.92,27.03
2015-07-03 23:45:00,19.16,27.03
2015-07-03 23:50:00,19.19,27.03
2015-07-03 23:55:00,19.1,27.03
2015-07-04 00:00:00,18.93,22.59
2015-07-04 00:05:00,18.94,22.59
2015-07-04 00:10:00,18.92,22.59
2015-07-04 00:15:00,19.07,22.59
2015-07-04 00:20:00,18.87,22.59
2015-07-04 00:25:00,18.53,22.59
2015-07-04 00:30:00,18.44,22.59
2015-07-04 00:35:00,17.96,22.59
2015-07-04 00:40:00,17.6,22.59
2015-07-04 00:45:00,17.82,22.59
2015-07-04 00:50:00,17.74,22.59
2015-07-04 00:55:00,16.76,22.59
2015-07-04 01:00:00,16.69,22.96
2015-07-04 01:05:00,17.29,22.96
2015-07-04 01:10:00,16.61,22.96
2015-07-04 01:15:00,16.27,22.96
2015-07-04 01:20:00,16.31,22.96
2015-07-04 01:25:00,16.87,22.96
2015-07-04 01:30:00,17.01,22.96
2015-07-04 01:35:00,16.91,22.96
2015-07-04 01:40:00,17.08,22.96
2015-07-04 01:45:00,17.48,22.96
2015-07-04 01:50:00,17.61,22.96
2015-07-04 01:55:00,17.16,22.96
2015-07-04 02:00:00,16.91,20.75
2015-07-04 02:05:00,16.8,20.75
2015-07-04 02:10:00,17.03,20.75
2015-07-04 02:15:00,17.64,20.75
2015-07-04 02:20:00,17.68,20.75
2015-07-04 02:25:00,17.55,20.75
2015-07-04 02:30:00,17.55,20.75
2015-07-04 02:35:00,17.01,20.75
2015-07-04 02:40:00,17.3,20.75
2015-07-04 02:45:00,17.16,20.75
2015-07-04 02:50:00,16.86,20.75
2015-07-04 02:55:00,17.18,20.75
2015-07-04 03:00:00,17.26,20.75
2015-07-04 03:05:00,16.95,20.75
2015-07-04 03:10:00,16.78,20.75
2015-07-04 03:15:00,16.91,20.75
2015-07-04 03:20:00,17.01,20.75
2015-07-04 03:25:00,17.08,20.75
2015-07-04 03:30:00,17.27,20.75
2015-07-04 03:35:00,17.13,20.75
2015-07-04 03:40:00,16.86,20.75
2015-07-04 03:45:00,16.86,20.75
2015-07-04 03:50:00,16.72,20.75
2015-07-04 03:55:00,16.88,20.75
2015-07-04 04:00:00,16.94,21.27
2015-07-04 04:05:00,16.99,21.27
2015-07-04 04:10:00,16.93,21.27
2015-07-04 04:15:00,17.33,21.27
2015-07-04 04:20:00,17.98,21.27
2015-07-04 04:25:00,17.92,21.27
2015-07-04 04:30:00,17.81,21.27
2015-07-04 04:35:00,18.13,21.27
2015-07-04 04:40:00,18.47,21.27
2015-07-04 04:45:00,18.39,21.27
2015-07-04 04:50:00,18.16,21.27
2015-07-04 04:55:00,18.23,21.27
2015-07-04 05:00:00,18.43,25.8
2015-07-04 05:05:00,19.21,25.8
2015-07-04 05:10:00,19.02,25.8
2015-07-04 05:15:00,19.47,25.8
2015-07-04 05:20:00,19.5,25.8
2015-07-04 05:25:00,19.44,25.8
2015-07-04 05:30:00,19.59,25.8
2015-07-04 05:35:00,19.54,25.8
2015-07-04 05:40:00,19.57,25.8
2015-07-04 05:45:00,19.68,25.8
2015-07-04 05:50:00,19.78,25.8
2015-07-04 05:55:00,19.71,25.8
2015-07-04 06:00:00,19.9,39.63
2015-07-04 06:02:00,20.21,39.63
2015-07-04 06:05:00,20.59,39.63
2015-07-04 06:10:00,20.88,39.63
2015-07-04 06:15:00,20.44,39.63
2015-07-04 06:20:00,20.48,39.63
2015-07-04 06:25:00,20.53,39.63
2015-07-04 06:30:00,20.52,39.63
2015-07-04 06:35:00,20.68,39.63
2015-07-04 06:40:00,20.83,39.63
2015-07-04 06:45:00,20.89,39.63
2015-07-04 06:50:00,20.91,39.63
2015-07-04 06:55:00,20.83,39.63
2015-07-04 07:00:00,20.71,37.17
2015-07-04 07:05:00,20.74,37.17
2015-07-04 07:10:00,20.81,37.17
2015-07-04 07:15:00,20.93,37.17
2015-07-04 07:20:00,20.99,37.17
2015-07-04 07:25:00,21.11,37.17
2015-07-04 07:30:00,20.95,37.17
2015-07-04 07:35:00,20.66,37.17
2015-07-04 07:40:00,20.64,37.17
2015-07-04 07:45:00,20.73,37.17
2015-07-04 07:50:00,21.1,37.17
2015-07-04 07:55:00,21.11,37.17
2015-07-04 08:00:00,20.93,35.74
2015-07-04 08:05:00,21.01,35.74
2015-07-04 08:10:00,21.12,35.74
2015-07-04 08:15:00,21.05,35.74
2015-07-04 08:20:00,20.95,35.74
2015-07-04 08:25:00,20.91,35.74
2015-07-04 08:30:00,20.86,35.74
2015-07-04 08:35:00,20.75,35.74
2015-07-04 08:40:00,20.66,35.74
2015-07-04 08:45:00,20.82,35.74
2015-07-04 08:50:00,24.78,35.74
2015-07-04 08:55:00,23.62,35.74
2015-07-04 09:00:00,21.05,37.4
2015-07-04 09:05:00,21.9,37.4
2015-07-04 09:10:00,20.65,37.4
2015-07-04 09:15:00,20.63,37.4
2015-07-04 09:20:00,20.7,37.4
2015-07-04 09:25:00,20.78,37.4
2015-07-04 09:30:00,20.81,37.4
2015-07-04 09:35:00,20.75,37.4
2015-07-04 09:40:00,20.86,37.4
2015-07-04 09:45:00,20.93,37.4
2015-07-04 09:50:00,20.93,37.4
2015-07-04 09:55:00,21.22,37.4
2015-07-04 10:00:00,21.39,37.62
2015-07-04 10:05:00,21.29,37.62
2015-07-04 10:10:00,20.97,37.62
2015-07-04 10:15:00,21.07,37.62
2015-07-04 10:20:00,21.12,37.62
2015-07-04 10:25:00,21.13,37.62
2015-07-04 10:30:00,21.08,37.62
2015-07-04 10:35:00,21.06,37.62
2015-07-04 10:40:00,20.9,37.62
2015-07-04 10:45:00,20.92,37.62
2015-07-04 10:50:00,21.29,37.62
2015-07-04 10:55:00,21.91,37.62
2015-07-04 11:00:00,21.92,36.65
2015-07-04 11:05:00,22.04,36.65
2015-07-04 11:10:00,22.12,36.65
2015-07-04 11:15:00,21.86,36.65
2015-07-04 11:20:00,21.9,36.65
2015-07-04 11:25:00,22.43,36.65
2015-07-04 11:30:00,22.4,36.65
2015-07-04 11:35:00,22.2,36.65
2015-07-04 11:40:00,22.41,36.65
2015-07-04 11:45:00,22.83,36.65
2015-07-04 11:50:00,22.76,36.65
2015-07-04 11:55:00,22.62,36.65
2015-07-04 12:00:00,22.23,36.2
2015-07-04 12:05:00,21.94,36.2
2015-07-04 12:10:00,22.16,36.2
2015-07-04 12:15:00,22.58,36.2
2015-07-04 12:20:00,22.48,36.2
2015-07-04 12:25:00,22.37,36.2
2015-07-04 12:30:00,21.96,36.2
2015-07-04 12:35:00,22.3,36.2
2015-07-04 12:40:00,22.54,36.2
2015-07-04 12:45:00,23.19,36.2
2015-07-04 12:50:00,28.22,36.2
2015-07-04 12:55:00,25.76,36.2
2015-07-04 13:00:00,23.26,34.91
2015-07-04 13:05:00,22.96,34.91
2015-07-04 13:10:00,22.77,34.91
2015-07-04 13:15:00,22.64,34.91
2015-07-04 13:20:00,22.47,34.91
2015-07-04 13:25:00,22.35,34.91
2015-07-04 13:30:00,22.31,34.91
2015-07-04 13:35:00,22.78,34.91
2015-07-04 13:40:00,23.26,34.91
2015-07-04 13:45:00,23.65,34.91
2015-07-04 13:50:00,23.62,34.91
2015-07-04 13:55:00,23.29,34.91
2015-07-04 14:00:00,23.19,34.11
2015-07-04 14:05:00,23.69,34.11
2015-07-04 14:10:00,23.6,34.11
2015-07-04 14:15:00,23.13,34.11
2015-07-04 14:20:00,22.79,34.11
2015-07-04 14:25:00,23.12,34.11
2015-07-04 14:30:00,23.55,34.11
2015-07-04 14:35:00,22.83,34.11
2015-07-04 14:40:00,22.35,34.11
2015-07-04 14:45:00,22.38,34.11
2015-07-04 14:50:00,22.28,34.11
2015-07-04 14:55:00,22.54,34.11
2015-07-04 15:00:00,22.68,33.94
2015-07-04 15:05:00,22.71,33.94
2015-07-04 15:10:00,22.74,33.94
2015-07-04 15:15:00,22.54,33.94
2015-07-04 15:20:00,22.63,33.94
2015-07-04 15:25:00,22.74,33.94
2015-07-04 15:30:00,22.6,33.94
2015-07-04 15:35:00,22.31,33.94
2015-07-04 15:40:00,22.33,33.94
2015-07-04 15:45:00,22.48,33.94
2015-07-04 15:50:00,22.76,33.94
2015-07-04 15:55:00,22.65,33.94
2015-07-04 16:00:00,22.48,37.45
2015-07-04 16:05:00,22.36,37.45
2015-07-04 16:10:00,22.51,37.45
2015-07-04 16:15:00,22.56,37.45
2015-07-04 16:20:00,22.42,37.45
2015-07-04 16:25:00,22.44,37.45
2015-07-04 16:30:00,22.34,37.45
2015-07-04 16:35:00,22.44,37.45
2015-07-04 16:40:00,22.48,37.45
2015-07-04 16:45:00,22.66,37.45
2015-07-04 16:50:00,22.94,37.45
2015-07-04 16:55:00,22.77,37.45
2015-07-04 17:00:00,22.71,40.62
2015-07-04 17:05:00,22.65,40.62
2015-07-04 17:10:00,22.98,40.62
2015-07-04 17:15:00,24.45,40.62
2015-07-04 17:20:00,24.9,40.62
2015-07-04 17:25:00,24.9,40.62
2015-07-04 17:30:00,23.57,40.62
2015-07-04 17:35:00,23.11,40.62
2015-07-04 17:40:00,23.45,40.62
2015-07-04 17:45:00,23.7,40.62
2015-07-04 17:50:00,24.2,40.62
2015-07-04 17:55:00,24.19,40.62
2015-07-04 18:00:00,27.81,51.56
2015-07-04 18:05:00,25.74,51.56
2015-07-04 18:10:00,25.87,51.56
2015-07-04 18:15:00,26.24,51.56
2015-07-04 18:20:00,25.66,51.56
2015-07-04 18:25:00,26.0,51.56
2015-07-04 18:30:00,29.19,51.56
2015-07-04 18:35:00,32.88,51.56
2015-07-04 18:40:00,33.95,51.56
2015-07-04 18:45:00,34.67,51.56
2015-07-04 18:50:00,35.79,51.56
2015-07-04 18:55:00,40.27,51.56
2015-07-04 19:00:00,40.53,59.96
2015-07-04 19:05:00,33.35,59.96
2015-07-04 19:10:00,35.04,59.96
2015-07-04 19:15:00,35.55,59.96
2015-07-04 19:20:00,37.11,59.96
2015-07-04 19:25:00,34.72,59.96
2015-07-04 19:30:00,34.71,59.96
2015-07-04 19:35:00,34.72,59.96
2015-07-04 19:40:00,34.72,59.96
2015-07-04 19:45:00,35.26,59.96
2015-07-04 19:50:00,34.66,59.96
2015-07-04 19:55:00,34.7,59.96
2015-07-04 20:00:00,33.36,39.31
2015-07-04 20:05:00,33.15,39.31
2015-07-04 20:10:00,33.27,39.31
2015-07-04 20:15:00,33.6,39.31
2015-07-04 20:17:00,35.7,39.31
2015-07-04 20:18:00,35.72,39.31
2015-07-04 20:20:00,34.77,39.31
2015-07-04 20:25:00,34.3,39.31
2015-07-04 20:30:00,33.2,39.31
2015-07-04 20:35:00,29.18,39.31
2015-07-04 20:40:00,29.18,39.31
2015-07-04 20:45:00,26.94,39.31
2015-07-04 20:50:00,26.46,39.31
2015-07-04 20:55:00,27.36,39.31
2015-07-04 21:00:00,27.5,38.15
2015-07-04 21:05:00,28.03,38.15
2015-07-04 21:10:00,29.18,38.15
2015-07-04 21:15:00,28.04,38.15
2015-07-04 21:20:00,25.6,38.15
2015-07-04 21:25:00,24.88,38.15
2015-07-04 21:30:00,23.77,38.15
2015-07-04 21:35:00,23.36,38.15
2015-07-04 21:40:00,23.02,38.15
2015-07-04 21:45:00,22.41,38.15
2015-07-04 21:50:00,23.36,38.15
2015-07-04 21:55:00,23.11,38.15
2015-07-04 22:00:00,27.53,29.96
2015-07-04 22:05:00,23.41,29.96
2015-07-04 22:10:00,23.99,29.96
2015-07-04 22:15:00,23.79,29.96
2015-07-04 22:20:00,23.55,29.96
2015-07-04 22:25:00,22.87,29.96
2015-07-04 22:30:00,27.64,29.96
2015-07-04 22:35:00,22.93,29.96
2015-07-04 22:40:00,21.74,29.96
2015-07-04 22:45:00,21.89,29.96
2015-07-04 22:50:00,21.67,29.96
2015-07-04 22:55:00,21.59,29.96
2015-07-04 23:00:00,21.85,28.13
2015-07-04 23:05:00,21.71,28.13
2015-07-04 23:10:00,21.8,28.13
2015-07-04 23:15:00,21.82,28.13
2015-07-04 23:20:00,21.88,28.13
2015-07-04 23:25:00,21.88,28.13
2015-07-04 23:30:00,21.48,28.13
2015-07-04 23:35:00,21.43,28.13
2015-07-04 23:40:00,21.33,28.13
2015-07-04 23:45:00,21.17,28.13
2015-07-04 23:50:00,21.08,28.13
2015-07-04 23:55:00,21.01,28.13
2015-07-05 00:00:00,21.19,23.84
2015-07-05 00:05:00,21.15,23.84
2015-07-05 00:10:00,21.22,23.84
2015-07-05 00:15:00,21.23,23.84
2015-07-05 00:20:00,21.19,23.84
2015-07-05 00:25:00,21.19,23.84
2015-07-05 00:30:00,21.15,23.84
2015-07-05 00:35:00,21.04,23.84
2015-07-05 00:40:00,21.09,23.84
2015-07-05 00:45:00,21.09,23.84
2015-07-05 00:50:00,21.12,23.84
2015-07-05 00:55:00,21.09,23.84
2015-07-05 01:00:00,21.02,22.82
2015-07-05 01:05:00,20.99,22.82
2015-07-05 01:10:00,21.02,22.82
2015-07-05 01:15:00,21.01,22.82
2015-07-05 01:20:00,20.99,22.82
2015-07-05 01:25:00,20.91,22.82
2015-07-05 01:30:00,20.87,22.82
2015-07-05 01:35:00,20.76,22.82
2015-07-05 01:40:00,20.76,22.82
2015-07-05 01:45:00,20.75,22.82
2015-07-05 01:50:00,20.72,22.82
2015-07-05 01:55:00,20.64,22.82
2015-07-05 02:00:00,20.6,21.23
2015-07-05 02:05:00,20.52,21.23
2015-07-05 02:10:00,20.69,21.23
2015-07-05 02:15:00,20.75,21.23
2015-07-05 02:20:00,20.73,21.23
2015-07-05 02:25:00,20.62,21.23
2015-07-05 02:30:00,20.76,21.23
2015-07-05 02:35:00,20.78,21.23
2015-07-05 02:40:00,20.78,21.23
2015-07-05 02:45:00,20.76,21.23
2015-07-05 02:50:00,20.76,21.23
2015-07-05 02:55:00,20.75,21.23
2015-07-05 03:00:00,20.75,20.95
2015-07-05 03:05:00,20.67,20.95
2015-07-05 03:10:00,20.71,20.95
2015-07-05 03:15:00,20.74,20.95
2015-07-05 03:20:00,20.59,20.95
2015-07-05 03:25:00,20.48,20.95
2015-07-05 03:30:00,20.53,20.95
2015-07-05 03:35:00,20.53,20.95
2015-07-05 03:40:00,20.47,20.95
2015-07-05 03:45:00,20.43,20.95
2015-07-05 03:50:00,20.36,20.95
2015-07-05 03:55:00,20.38,20.95
2015-07-05 04:00:00,20.27,21.5
2015-07-05 04:05:00,20.34,21.5
2015-07-05 04:10:00,20.5,21.5
2015-07-05 04:15:00,20.46,21.5
2015-07-05 04:20:00,20.33,21.5
2015-07-05 04:25:00,20.23,21.5
2015-07-05 04:30:00,20.47,21.5
2015-07-05 04:35:00,20.55,21.5
2015-07-05 04:40:00,20.51,21.5
2015-07-05 04:45:00,20.4,21.5
2015-07-05 04:50:00,20.31,21.5
2015-07-05 04:55:00,20.36,21.5
2015-07-05 05:00:00,20.38,25.55
2015-07-05 05:05:00,20.65,25.55
2015-07-05 05:10:00,20.77,25.55
2015-07-05 05:15:00,20.81,25.55
2015-07-05 05:20:00,20.75,25.55
2015-07-05 05:25:00,20.72,25.55
2015-07-05 05:30:00,20.61,25.55
2015-07-05 05:35:00,20.69,25.55
2015-07-05 05:40:00,20.73,25.55
2015-07-05 05:45:00,20.87,25.55
2015-07-05 05:50:00,20.9,25.55
2015-07-05 05:55:00,20.93,25.55
2015-07-05 06:00:00,21.6,41.44
2015-07-05 06:05:00,21.87,41.44
2015-07-05 06:10:00,22.07,41.44
2015-07-05 06:15:00,21.84,41.44
2015-07-05 06:20:00,22.16,41.44
2015-07-05 06:25:00,22.24,41.44
2015-07-05 06:30:00,22.7,41.44
2015-07-05 06:35:00,24.69,41.44
2015-07-05 06:40:00,23.33,41.44
2015-07-05 06:45:00,23.46,41.44
2015-07-05 06:50:00,24.16,41.44
2015-07-05 06:55:00,26.81,41.44
2015-07-05 07:00:00,22.97,34.76
2015-07-05 07:05:00,23.49,34.76
2015-07-05 07:10:00,23.6,34.76
2015-07-05 07:15:00,27.5,34.76
2015-07-05 07:20:00,27.43,34.76
2015-07-05 07:25:00,27.03,34.76
2015-07-05 07:30:00,26.55,34.76
2015-07-05 07:35:00,26.09,34.76
2015-07-05 07:40:00,26.01,34.76
2015-07-05 07:45:00,25.95,34.76
2015-07-05 07:50:00,21.39,34.76
2015-07-05 07:55:00,21.37,34.76
2015-07-05 08:00:00,21.41,30.05
2015-07-05 08:05:00,21.43,30.05
2015-07-05 08:10:00,21.52,30.05
2015-07-05 08:15:00,21.46,30.05
2015-07-05 08:20:00,21.65,30.05
2015-07-05 08:25:00,21.62,30.05
2015-07-05 08:30:00,21.61,30.05
2015-07-05 08:35:00,21.73,30.05
2015-07-05 08:40:00,21.54,30.05
2015-07-05 08:45:00,21.71,30.05
2015-07-05 08:50:00,21.86,30.05
2015-07-05 08:55:00,21.82,30.05
2015-07-05 09:00:00,21.71,31.72
2015-07-05 09:05:00,21.45,31.72
2015-07-05 09:10:00,21.43,31.72
2015-07-05 09:15:00,21.33,31.72
2015-07-05 09:20:00,21.39,31.72
2015-07-05 09:25:00,21.4,31.72
2015-07-05 09:30:00,21.43,31.72
2015-07-05 09:35:00,21.44,31.72
2015-07-05 09:40:00,21.48,31.72
2015-07-05 09:45:00,21.48,31.72
2015-07-05 09:50:00,21.47,31.72
2015-07-05 09:55:00,21.5,31.72
2015-07-05 10:00:00,21.57,31.32
2015-07-05 10:05:00,21.55,31.32
2015-07-05 10:06:00,21.85,31.32
2015-07-05 10:10:00,21.7,31.32
2015-07-05 10:15:00,21.4,31.32
2015-07-05 10:20:00,21.37,31.32
2015-07-05 10:25:00,21.42,31.32
2015-07-05 10:30:00,21.66,31.32
2015-07-05 10:35:00,21.77,31.32
2015-07-05 10:40:00,21.71,31.32
2015-07-05 10:45:00,21.57,31.32
2015-07-05 10:50:00,21.63,31.32
2015-07-05 10:55:00,21.59,31.32
2015-07-05 11:00:00,21.46,28.96
2015-07-05 11:05:00,21.46,28.96
2015-07-05 11:10:00,21.77,28.96
2015-07-05 11:15:00,21.78,28.96
2015-07-05 11:20:00,21.67,28.96
2015-07-05 11:25:00,21.78,28.96
2015-07-05 11:30:00,21.86,28.96
2015-07-05 11:35:00,21.68,28.96
2015-07-05 11:40:00,21.48,28.96
2015-07-05 11:45:00,21.38,28.96
2015-07-05 11:50:00,21.27,28.96
2015-07-05 11:55:00,21.2,28.96
2015-07-05 12:00:00,21.05,32.26
2015-07-05 12:05:00,20.98,32.26
2015-07-05 12:10:00,21.02,32.26
2015-07-05 12:15:00,20.97,32.26
2015-07-05 12:20:00,20.86,32.26
2015-07-05 12:25:00,20.89,32.26
2015-07-05 12:30:00,20.93,32.26
2015-07-05 12:35:00,21.01,32.26
2015-07-05 12:40:00,20.98,32.26
2015-07-05 12:45:00,20.84,32.26
2015-07-05 12:50:00,20.78,32.26
2015-07-05 12:55:00,20.67,32.26
2015-07-05 13:00:00,20.76,34.74
2015-07-05 13:05:00,20.77,34.74
2015-07-05 13:10:00,20.76,34.74
2015-07-05 13:15:00,20.74,34.74
2015-07-05 13:20:00,20.71,34.74
2015-07-05 13:25:00,20.59,34.74
2015-07-05 13:30:00,20.59,34.74
2015-07-05 13:35:00,20.53,34.74
2015-07-05 13:40:00,20.39,34.74
2015-07-05 13:45:00,20.33,34.74
2015-07-05 13:50:00,20.38,34.74
2015-07-05 13:55:00,20.26,34.74
2015-07-05 14:00:00,20.05,30.29
2015-07-05 14:05:00,20.05,30.29
2015-07-05 14:10:00,20.21,30.29
2015-07-05 14:15:00,20.21,30.29
2015-07-05 14:20:00,20.07,30.29
2015-07-05 14:25:00,19.94,30.29
2015-07-05 14:30:00,19.86,30.29
2015-07-05 14:35:00,19.8,30.29
2015-07-05 14:40:00,19.74,30.29
2015-07-05 14:45:00,19.71,30.29
2015-07-05 14:50:00,19.78,30.29
2015-07-05 14:55:00,19.77,30.29
2015-07-05 15:00:00,19.62,29.51
2015-07-05 15:05:00,19.73,29.51
2015-07-05 15:10:00,19.77,29.51
2015-07-05 15:15:00,19.81,29.51
2015-07-05 15:20:00,19.8,29.51
2015-07-05 15:25:00,19.78,29.51
2015-07-05 15:30:00,19.7,29.51
2015-07-05 15:35:00,19.56,29.51
2015-07-05 15:40:00,19.46,29.51
2015-07-05 15:45:00,19.37,29.51
2015-07-05 15:50:00,19.32,29.51
2015-07-05 15:55:00,19.47,29.51
2015-07-05 16:00:00,19.63,31.53
2015-07-05 16:05:00,19.72,31.53
2015-07-05 16:10:00,19.62,31.53
2015-07-05 16:15:00,19.7,31.53
2015-07-05 16:20:00,19.78,31.53
2015-07-05 16:25:00,19.74,31.53
2015-07-05 16:30:00,19.8,31.53
2015-07-05 16:35:00,19.8,31.53
2015-07-05 16:40:00,19.75,31.53
2015-07-05 16:45:00,19.81,31.53
2015-07-05 16:50:00,19.78,31.53
2015-07-05 16:55:00,19.83,31.53
2015-07-05 17:00:00,19.77,35.56
2015-07-05 17:05:00,19.76,35.56
2015-07-05 17:10:00,19.78,35.56
2015-07-05 17:15:00,19.88,35.56
2015-07-05 17:20:00,19.88,35.56
2015-07-05 17:25:00,19.98,35.56
2015-07-05 17:30:00,20.02,35.56
2015-07-05 17:35:00,19.99,35.56
2015-07-05 17:40:00,20.14,35.56
2015-07-05 17:45:00,20.09,35.56
2015-07-05 17:50:00,20.09,35.56
2015-07-05 17:55:00,20.22,35.56
2015-07-05 18:00:00,20.45,51.63
2015-07-05 18:05:00,20.6,51.63
2015-07-05 18:10:00,20.7,51.63
2015-07-05 18:15:00,20.78,51.63
2015-07-05 18:20:00,20.85,51.63
2015-07-05 18:25:00,20.85,51.63
2015-07-05 18:30:00,20.96,51.63
2015-07-05 18:35:00,21.04,51.63
2015-07-05 18:40:00,21.22,51.63
2015-07-05 18:45:00,21.5,51.63
2015-07-05 18:50:00,21.77,51.63
2015-07-05 18:55:00,22.09,51.63
2015-07-05 19:00:00,22.23,48.87
2015-07-05 19:05:00,22.52,48.87
2015-07-05 19:10:00,22.61,48.87
2015-07-05 19:15:00,22.63,48.87
2015-07-05 19:20:00,22.66,48.87
2015-07-05 19:25:00,22.66,48.87
2015-07-05 19:30:00,22.61,48.87
2015-07-05 19:35:00,22.8,48.87
2015-07-05 19:40:00,22.87,48.87
2015-07-05 19:45:00,22.96,48.87
2015-07-05 19:50:00,22.65,48.87
2015-07-05 19:55:00,22.87,48.87
2015-07-05 20:00:00,22.55,36.66
2015-07-05 20:05:00,22.28,36.66
2015-07-05 20:10:00,22.61,36.66
2015-07-05 20:15:00,23.07,36.66
2015-07-05 20:20:00,23.45,36.66
2015-07-05 20:25:00,23.1,36.66
2015-07-05 20:30:00,23.35,36.66
2015-07-05 20:35:00,22.87,36.66
2015-07-05 20:40:00,22.54,36.66
2015-07-05 20:45:00,22.63,36.66
2015-07-05 20:50:00,22.65,36.66
2015-07-05 20:55:00,22.53,36.66
2015-07-05 21:00:00,22.69,30.89
2015-07-05 21:05:00,22.95,30.89
2015-07-05 21:10:00,23.23,30.89
2015-07-05 21:15:00,23.18,30.89
2015-07-05 21:20:00,23.18,30.89
2015-07-05 21:25:00,23.43,30.89
2015-07-05 21:30:00,23.48,30.89
2015-07-05 21:35:00,23.41,30.89
2015-07-05 21:40:00,23.2,30.89
2015-07-05 21:45:00,23.17,30.89
2015-07-05 21:50:00,22.41,30.89
2015-07-05 21:55:00,21.93,30.89
2015-07-05 22:00:00,21.87,27.84
2015-07-05 22:05:00,21.82,27.84
2015-07-05 22:10:00,21.82,27.84
2015-07-05 22:15:00,21.76,27.84
2015-07-05 22:20:00,21.56,27.84
2015-07-05 22:25:00,21.5,27.84
2015-07-05 22:30:00,21.67,27.84
2015-07-05 22:35:00,21.74,27.84
2015-07-05 22:40:00,21.81,27.84
2015-07-05 22:45:00,21.8,27.84
2015-07-05 22:50:00,21.59,27.84
2015-07-05 22:55:00,21.5,27.84
2015-07-05 23:00:00,21.65,26.2
2015-07-05 23:05:00,21.56,26.2
2015-07-05 23:10:00,21.5,26.2
2015-07-05 23:15:00,21.55,26.2
2015-07-05 23:20:00,21.74,26.2
2015-07-05 23:25:00,21.51,26.2
2015-07-05 23:30:00,21.45,26.2
2015-07-05 23:35:00,21.48,26.2
2015-07-05 23:40:00,21.46,26.2
2015-07-05 23:45:00,21.45,26.2
2015-07-05 23:50:00,21.38,26.2
2015-07-05 23:55:00,21.22,26.2
2015-07-06 00:00:00,21.02,22.72
2015-07-06 00:05:00,20.93,22.72
2015-07-06 00:10:00,20.94,22.72
2015-07-06 00:15:00,20.82,22.72
2015-07-06 00:20:00,20.78,22.72
2015-07-06 00:25:00,20.81,22.72
2015-07-06 00:30:00,20.79,22.72
2015-07-06 00:35:00,20.69,22.72
2015-07-06 00:40:00,20.75,22.72
2015-07-06 00:45:00,20.76,22.72
2015-07-06 00:50:00,20.68,22.72
2015-07-06 00:55:00,20.7,22.72
2015-07-06 01:00:00,20.64,21.38
2015-07-06 01:05:00,20.58,21.38
2015-07-06 01:10:00,20.65,21.38
2015-07-06 01:15:00,20.62,21.38
2015-07-06 01:20:00,20.54,21.38
2015-07-06 01:25:00,20.54,21.38
2015-07-06 01:30:00,20.46,21.38
2015-07-06 01:35:00,20.27,21.38
2015-07-06 01:40:00,20.28,21.38
2015-07-06 01:45:00,20.17,21.38
2015-07-06 01:50:00,20.13,21.38
2015-07-06 01:55:00,20.09,21.38
2015-07-06 02:00:00,20.03,20.98
2015-07-06 02:05:00,19.86,20.98
2015-07-06 02:10:00,19.87,20.98
2015-07-06 02:15:00,19.85,20.98
2015-07-06 02:20:00,19.84,20.98
2015-07-06 02:25:00,19.79,20.98
2015-07-06 02:30:00,19.82,20.98
2015-07-06 02:35:00,19.84,20.98
2015-07-06 02:40:00,19.87,20.98
2015-07-06 02:45:00,19.86,20.98
2015-07-06 02:50:00,19.97,20.98
2015-07-06 02:55:00,19.93,20.98
2015-07-06 03:00:00,19.94,20.84
2015-07-06 03:05:00,20.04,20.84
2015-07-06 03:10:00,20.03,20.84
2015-07-06 03:15:00,19.92,20.84
2015-07-06 03:20:00,19.88,20.84
2015-07-06 03:25:00,19.81,20.84
2015-07-06 03:30:00,19.72,20.84
2015-07-06 03:35:00,19.85,20.84
2015-07-06 03:40:00,19.95,20.84
2015-07-06 03:45:00,19.99,20.84
2015-07-06 03:50:00,19.83,20.84
2015-07-06 03:55:00,19.82,20.84
2015-07-06 04:00:00,19.79,21.27
2015-07-06 04:05:00,19.89,21.27
2015-07-06 04:10:00,19.92,21.27
2015-07-06 04:15:00,19.85,21.27
2015-07-06 04:20:00,19.86,21.27
2015-07-06 04:25:00,19.93,21.27
2015-07-06 04:30:00,19.88,21.27
2015-07-06 04:35:00,19.96,21.27
2015-07-06 04:40:00,20.16,21.27
2015-07-06 04:45:00,20.22,21.27
2015-07-06 04:50:00,20.31,21.27
2015-07-06 04:55:00,20.41,21.27
2015-07-06 05:00:00,20.53,25.43
2015-07-06 05:05:00,20.77,25.43
2015-07-06 05:10:00,20.82,25.43
2015-07-06 05:15:00,21.02,25.43
2015-07-06 05:20:00,21.06,25.43
2015-07-06 05:25:00,21.06,25.43
2015-07-06 05:30:00,21.04,25.43
2015-07-06 05:35:00,21.16,25.43
2015-07-06 05:40:00,21.25,25.43
2015-07-06 05:45:00,21.38,25.43
2015-07-06 05:50:00,21.26,25.43
2015-07-06 05:55:00,21.09,25.43
2015-07-06 06:00:00,21.22,31.06
2015-07-06 06:05:00,21.58,31.06
2015-07-06 06:10:00,21.65,31.06
2015-07-06 06:15:00,21.91,31.06
2015-07-06 06:20:00,22.06,31.06
2015-07-06 06:25:00,22.51,31.06
2015-07-06 06:30:00,22.47,31.06
2015-07-06 06:35:00,22.87,31.06
2015-07-06 06:40:00,24.21,31.06
2015-07-06 06:45:00,24.31,31.06
2015-07-06 06:50:00,24.72,31.06
2015-07-06 06:55:00,31.55,31.06
2015-07-06 07:00:00,24.37,27.16
2015-07-06 07:05:00,29.98,27.16
2015-07-06 07:10:00,31.67,27.16
2015-07-06 07:15:00,30.06,27.16
2015-07-06 07:20:00,29.1,27.16
2015-07-06 07:25:00,29.25,27.16
2015-07-06 07:30:00,29.0,27.16
2015-07-06 07:35:00,23.95,27.16
2015-07-06 07:40:00,23.85,27.16
2015-07-06 07:45:00,22.92,27.16
2015-07-06 07:50:00,23.6,27.16
2015-07-06 07:55:00,29.23,27.16
2015-07-06 08:00:00,24.32,29.84
2015-07-06 08:05:00,24.01,29.84
2015-07-06 08:10:00,24.17,29.84
2015-07-06 08:15:00,23.99,29.84
2015-07-06 08:20:00,24.16,29.84
2015-07-06 08:25:00,23.88,29.84
2015-07-06 08:30:00,23.74,29.84
2015-07-06 08:35:00,28.61,29.84
2015-07-06 08:40:00,27.9,29.84
2015-07-06 08:45:00,29.93,29.84
2015-07-06 08:50:00,23.65,29.84
2015-07-06 08:55:00,23.99,29.84
2015-07-06 09:00:00,25.18,31.36
2015-07-06 09:05:00,25.14,31.36
2015-07-06 09:10:00,24.12,31.36
2015-07-06 09:15:00,24.59,31.36
2015-07-06 09:20:00,24.47,31.36
2015-07-06 09:25:00,24.41,31.36
2015-07-06 09:30:00,31.43,31.36
2015-07-06 09:35:00,23.85,31.36
2015-07-06 09:40:00,23.74,31.36
2015-07-06 09:45:00,24.97,31.36
2015-07-06 09:50:00,24.38,31.36
2015-07-06 09:55:00,23.79,31.36
2015-07-06 10:00:00,24.06,31.0
2015-07-06 10:05:00,24.26,31.0
2015-07-06 10:10:00,24.12,31.0
2015-07-06 10:15:00,24.02,31.0
2015-07-06 10:20:00,23.56,31.0
2015-07-06 10:25:00,23.39,31.0
2015-07-06 10:30:00,23.13,31.0
2015-07-06 10:35:00,22.96,31.0
2015-07-06 10:40:00,22.88,31.0
2015-07-06 10:45:00,22.41,31.0
2015-07-06 10:50:00,22.16,31.0
2015-07-06 10:55:00,22.04,31.0
2015-07-06 11:00:00,21.79,31.7
2015-07-06 11:05:00,21.51,31.7
2015-07-06 11:10:00,21.25,31.7
2015-07-06 11:15:00,21.11,31.7
2015-07-06 11:20:00,21.16,31.7
2015-07-06 11:25:00,21.09,31.7
2015-07-06 11:30:00,21.08,31.7
2015-07-06 11:35:00,21.02,31.7
2015-07-06 11:40:00,21.07,31.7
2015-07-06 11:45:00,21.07,31.7
2015-07-06 11:50:00,20.97,31.7
2015-07-06 11:55:00,20.97,31.7
2015-07-06 12:00:00,21.12,29.45
2015-07-06 12:05:00,21.11,29.45
2015-07-06 12:10:00,21.47,29.45
2015-07-06 12:15:00,21.72,29.45
2015-07-06 12:20:00,21.59,29.45
2015-07-06 12:25:00,21.67,29.45
2015-07-06 12:30:00,22.29,29.45
2015-07-06 12:35:00,22.08,29.45
2015-07-06 12:40:00,22.15,29.45
2015-07-06 12:45:00,22.49,29.45
2015-07-06 12:50:00,22.87,29.45
2015-07-06 12:55:00,22.45,29.45
2015-07-06 13:00:00,22.18,28.29
2015-07-06 13:05:00,22.1,28.29
2015-07-06 13:10:00,22.08,28.29
2015-07-06 13:15:00,22.26,28.29
2015-07-06 13:20:00,22.36,28.29
2015-07-06 13:20:00,22.36,28.29
