,clearing_time
0,
1,0.0008234977722167969
2,0.0008647441864013672
3,0.0008296966552734375
4,0.0008699893951416016
5,0.00048041343688964844
6,0.0006029605865478516
7,0.0005056858062744141
8,0.0005486011505126953
9,0.0007472038269042969
10,0.0006129741668701172
11,0.0006613731384277344
12,0.0007004737854003906
13,0.0007126331329345703
14,0.0007729530334472656
15,0.0007796287536621094
16,0.0008530616760253906
17,0.0008757114410400391
18,0.0009233951568603516
19,0.0010330677032470703
20,0.0009992122650146484
21,0.0013463497161865234
22,0.0011417865753173828
23,0.0020966529846191406
24,0.0015900135040283203
25,0.0025167465209960938
26,0.0013659000396728516
27,0.001367807388305664
28,0.0013325214385986328
29,0.001462697982788086
30,0.001512765884399414
31,0.001735687255859375
32,0.0014657974243164062
33,0.001529693603515625
34,0.0016677379608154297
35,0.0016052722930908203
36,0.0019161701202392578
37,0.0020542144775390625
38,0.001922607421875
39,0.0017557144165039062
40,0.0017690658569335938
41,0.0024721622467041016
42,0.0019931793212890625
43,0.0019369125366210938
44,0.002446413040161133
45,0.0020723342895507812
46,0.0022056102752685547
47,0.0023348331451416016
48,0.0021486282348632812
49,0.0024302005767822266
50,0.0021953582763671875
51,0.002480030059814453
52,0.002325296401977539
53,0.0023353099822998047
54,0.0025794506072998047
55,0.0031807422637939453
56,0.0024878978729248047
57,0.0025544166564941406
58,0.002518892288208008
59,0.0034332275390625
60,0.0026328563690185547
61,0.002765655517578125
62,0.0034570693969726562
63,0.002907991409301758
64,0.003008604049682617
65,0.004271507263183594
66,0.0028390884399414062
67,0.0029141902923583984
68,0.0032372474670410156
69,0.003248929977416992
70,0.0030634403228759766
71,0.004130363464355469
72,0.0034656524658203125
73,0.0031599998474121094
74,0.0033071041107177734
75,0.0037326812744140625
76,0.004595041275024414
77,0.0032846927642822266
78,0.0035080909729003906
79,0.0036394596099853516
80,0.0035805702209472656
81,0.003943443298339844
82,0.003874063491821289
83,0.003716707229614258
84,0.0036444664001464844
85,0.003960847854614258
86,0.00379180908203125
87,0.004308938980102539
88,0.00510406494140625
89,0.0038139820098876953
90,0.003954887390136719
91,0.0038831233978271484
92,0.003953695297241211
93,0.004227399826049805
94,0.004051685333251953
95,0.00547480583190918
96,0.004489421844482422
97,0.00458216667175293
98,0.0041925907135009766
99,0.005802154541015625
100,0.004365205764770508
101,0.004497528076171875
102,0.00489044189453125
103,0.00587010383605957
104,0.00445103645324707
105,0.004717350006103516
106,0.004778861999511719
107,0.005067348480224609
108,0.004755973815917969
109,0.00490880012512207
110,0.004712104797363281
111,0.005411386489868164
112,0.00528264045715332
113,0.00580286979675293
114,0.005019426345825195
115,0.005191802978515625
116,0.00569462776184082
117,0.006377220153808594
118,0.005095243453979492
119,0.0052907466888427734
120,0.005430936813354492
121,0.005598545074462891
122,0.005304098129272461
123,0.005407094955444336
124,0.00559544563293457
125,0.005381345748901367
126,0.006273031234741211
127,0.0057871341705322266
128,0.005846261978149414
129,0.007084369659423828
130,0.0055654048919677734
131,0.005808830261230469
132,0.006043672561645508
133,0.00565791130065918
134,0.006739139556884766
135,0.005751371383666992
136,0.006475210189819336
137,0.006790637969970703
138,0.006076335906982422
139,0.0059087276458740234
140,0.006804943084716797
141,0.006137371063232422
142,0.006228208541870117
143,0.006167411804199219
144,0.0069081783294677734
145,0.0075452327728271484
146,0.006256103515625
147,0.006462812423706055
148,0.008243322372436523
149,0.0066297054290771484
150,0.006971120834350586
151,0.006407022476196289
152,0.006903171539306641
153,0.007785320281982422
154,0.00680088996887207
155,0.007390499114990234
156,0.007150411605834961
157,0.00850057601928711
158,0.012465476989746094
159,0.0071086883544921875
160,0.007442951202392578
161,0.008215665817260742
162,0.009003877639770508
163,0.008498668670654297
164,0.008901119232177734
165,0.008115768432617188
166,0.007498502731323242
167,0.008211851119995117
168,0.00831747055053711
169,0.007871627807617188
170,0.008547782897949219
171,0.009028434753417969
172,0.007740020751953125
173,0.00834798812866211
174,0.0077250003814697266
175,0.008478403091430664
176,0.009004354476928711
177,0.009537458419799805
178,0.008603334426879883
179,0.00892186164855957
180,0.009382009506225586
181,0.008660316467285156
182,0.008869171142578125
183,0.008662700653076172
184,0.008861780166625977
185,0.008870363235473633
186,0.009102344512939453
187,0.00878143310546875
188,0.009092092514038086
189,0.010121345520019531
190,0.011605501174926758
191,0.009447336196899414
192,0.009476423263549805
193,0.009335041046142578
194,0.009071111679077148
195,0.010127782821655273
196,0.008904218673706055
197,0.010230779647827148
198,0.008973360061645508
199,0.009291887283325195
200,0.009399890899658203
201,0.008934259414672852
202,0.008966922760009766
203,0.010100603103637695
204,0.009891033172607422
205,0.009185791015625
206,0.009451627731323242
207,0.010845661163330078
208,0.00976872444152832
209,0.00970602035522461
210,0.01080465316772461
211,0.010372638702392578
212,0.009768486022949219
213,0.009381771087646484
214,0.009914636611938477
215,0.010396480560302734
216,0.010097742080688477
217,0.009669303894042969
218,0.010217428207397461
219,0.010029077529907227
220,0.009783744812011719
221,0.011497735977172852
222,0.010029077529907227
223,0.010307073593139648
224,0.011998414993286133
225,0.01048421859741211
226,0.011846303939819336
227,0.010053157806396484
228,0.010016202926635742
229,0.01199030876159668
230,0.010333061218261719
231,0.010049581527709961
232,0.012132406234741211
233,0.01060795783996582
234,0.010347843170166016
235,0.010309934616088867
236,0.010628700256347656
237,0.011030435562133789
238,0.010935783386230469
239,0.010713815689086914
240,0.012593746185302734
241,0.011197566986083984
242,0.012063026428222656
243,0.0111083984375
244,0.010673046112060547
245,0.011381149291992188
246,0.012230634689331055
247,0.011486053466796875
248,0.01196432113647461
249,0.011905193328857422
250,0.012462615966796875
251,0.012021780014038086
252,0.012457847595214844
253,0.012011528015136719
254,0.01124715805053711
255,0.011788129806518555
256,0.0128173828125
257,0.012073993682861328
258,0.012785911560058594
259,0.012182950973510742
260,0.011835336685180664
261,0.012191057205200195
262,0.012604713439941406
263,0.012710332870483398
264,0.011649370193481445
265,0.01295018196105957
266,0.013206243515014648
267,0.012574911117553711
268,0.012106895446777344
269,0.01258397102355957
270,0.01306009292602539
271,0.012554645538330078
272,0.012402772903442383
273,0.013195991516113281
274,0.013556957244873047
275,0.012886285781860352
276,0.012366533279418945
277,0.012765884399414062
278,0.013460636138916016
279,0.012727737426757812
280,0.01248621940612793
281,0.013192176818847656
282,0.013988494873046875
283,0.014993906021118164
284,0.012915611267089844
285,0.013315439224243164
286,0.012805938720703125
287,0.01344919204711914
288,0.014784812927246094
289,0.014790058135986328
290,0.012689590454101562
291,0.015427350997924805
292,0.013060569763183594
293,0.013683795928955078
294,0.012923240661621094
295,0.014260053634643555
296,0.014362812042236328
297,0.014963626861572266
298,0.01334071159362793
299,0.01395273208618164
300,0.013531208038330078
301,0.013958454132080078
302,0.013294219970703125
303,0.013884782791137695
304,0.014840364456176758
305,0.01559758186340332
306,0.013820886611938477
307,0.014119625091552734
308,0.013579130172729492
309,0.014283895492553711
310,0.014675140380859375
311,0.015378475189208984
312,0.013903617858886719
313,0.01502680778503418
314,0.013748884201049805
315,0.014157295227050781
316,0.013738393783569336
317,0.014339447021484375
318,0.013840198516845703
319,0.014460563659667969
320,0.015045881271362305
321,0.015761852264404297
322,0.014314651489257812
323,0.015671968460083008
324,0.014346599578857422
325,0.014882326126098633
326,0.014166116714477539
327,0.014827251434326172
328,0.014302730560302734
329,0.015097379684448242
330,0.01432490348815918
331,0.015659093856811523
332,0.014425516128540039
333,0.014913082122802734
334,0.014400720596313477
335,0.015160799026489258
336,0.014820575714111328
337,0.015382766723632812
338,0.014735937118530273
339,0.015097856521606445
340,0.015176773071289062
341,0.01582956314086914
342,0.014962196350097656
343,0.015550613403320312
344,0.014913797378540039
345,0.015577316284179688
346,0.015416383743286133
347,0.015345335006713867
348,0.015308380126953125
349,0.0171811580657959
350,0.015413999557495117
351,0.017565250396728516
352,0.015729188919067383
353,0.01709461212158203
354,0.015719890594482422
355,0.01714634895324707
356,0.015499591827392578
357,0.017528057098388672
358,0.01556849479675293
359,0.015859603881835938
360,0.0155029296875
361,0.016078948974609375
362,0.01578664779663086
363,0.017118215560913086
364,0.015936613082885742
365,0.017768383026123047
366,0.015858888626098633
367,0.017573118209838867
368,0.016300439834594727
369,0.017348289489746094
370,0.016561269760131836
371,0.016686201095581055
372,0.01706838607788086
373,0.017542123794555664
374,0.01642322540283203
375,0.017998695373535156
376,0.01652240753173828
377,0.016709327697753906
378,0.016707658767700195
379,0.018524646759033203
380,0.017023324966430664
381,0.018182039260864258
382,0.01660919189453125
383,0.016942739486694336
384,0.016841650009155273
385,0.017839908599853516
386,0.01696467399597168
387,0.018425464630126953
388,0.017336130142211914
389,0.01844191551208496
390,0.017119169235229492
391,0.01862478256225586
392,0.017032384872436523
393,0.017395973205566406
394,0.02724623680114746
395,0.017386913299560547
396,0.018604278564453125
397,0.017322063446044922
398,0.018592357635498047
399,0.0173490047454834
400,0.018531322479248047
401,0.017333269119262695
402,0.01900315284729004
403,0.01761627197265625
404,0.018784523010253906
405,0.018036603927612305
406,0.01895451545715332
407,0.017609834671020508
408,0.01905226707458496
409,0.017735719680786133
410,0.019042253494262695
411,0.01800251007080078
412,0.019170045852661133
413,0.018021106719970703
414,0.01967024803161621
415,0.018011093139648438
416,0.019375324249267578
417,0.01826024055480957
418,0.0194242000579834
419,0.01839900016784668
420,0.019516706466674805
421,0.018816709518432617
422,0.01975727081298828
423,0.018426179885864258
424,0.01955437660217285
425,0.018606185913085938
426,0.019895553588867188
427,0.0188601016998291
428,0.020160675048828125
429,0.018958330154418945
430,0.020174503326416016
431,0.018819332122802734
432,0.020592212677001953
433,0.018704652786254883
434,0.020120859146118164
435,0.01895928382873535
436,0.020296096801757812
437,0.01905679702758789
438,0.020468473434448242
439,0.01951909065246582
440,0.019426822662353516
441,0.019527435302734375
442,0.020835161209106445
443,0.0190889835357666
444,0.02023601531982422
445,0.019905805587768555
446,0.020720243453979492
447,0.019481420516967773
448,0.020560741424560547
449,0.0195159912109375
450,0.020687103271484375
451,0.019656896591186523
452,0.019821882247924805
453,0.019792556762695312
454,0.021089792251586914
455,0.019938945770263672
456,0.021342992782592773
457,0.020068645477294922
458,0.0215914249420166
459,0.02026844024658203
460,0.02117323875427246
461,0.020220279693603516
462,0.02157735824584961
463,0.020340442657470703
464,0.0217134952545166
465,0.0201871395111084
466,0.02189469337463379
467,0.020642518997192383
468,0.021997451782226562
469,0.020418405532836914
470,0.022205591201782227
471,0.02184319496154785
472,0.020531415939331055
473,0.020953655242919922
474,0.021946430206298828
475,0.02092576026916504
476,0.02185821533203125
477,0.022050857543945312
478,0.02094888687133789
479,0.022177457809448242
480,0.021262407302856445
481,0.02112865447998047
482,0.0213625431060791
483,0.02125692367553711
484,0.022308349609375
485,0.022774457931518555
486,0.021439552307128906
487,0.02252030372619629
488,0.021933794021606445
489,0.021404266357421875
490,0.021558523178100586
491,0.02245616912841797
492,0.02200770378112793
493,0.022652864456176758
494,0.02192068099975586
495,0.021605968475341797
496,0.021886110305786133
497,0.0228579044342041
498,0.022266626358032227
499,0.023581504821777344
500,0.022852420806884766
501,0.02331829071044922
502,0.022419452667236328
503,0.02369856834411621
504,0.02354907989501953
505,0.02251744270324707
506,0.022525548934936523
507,0.023524761199951172
508,0.022321701049804688
509,0.02360701560974121
510,0.022391319274902344
511,0.02238631248474121
512,0.023375749588012695
513,0.02368903160095215
514,0.0229947566986084
515,0.022800683975219727
516,0.023959636688232422
517,0.02427840232849121
518,0.022995710372924805
519,0.023146629333496094
520,0.024202346801757812
521,0.02326059341430664
522,0.023497581481933594
523,0.024597644805908203
524,0.023180246353149414
525,0.024250268936157227
526,0.02337026596069336
527,0.02382659912109375
528,0.023999929428100586
529,0.025493621826171875
530,0.023572206497192383
531,0.02475452423095703
532,0.025246143341064453
533,0.023752927780151367
534,0.024443864822387695
535,0.024194955825805664
536,0.023945331573486328
537,0.025646686553955078
538,0.024338483810424805
539,0.024632930755615234
540,0.02524113655090332
541,0.024518966674804688
542,0.02441263198852539
543,0.02530217170715332
544,0.024604320526123047
545,0.02476978302001953
546,0.024984359741210938
547,0.02498459815979004
548,0.025828123092651367
549,0.024753808975219727
550,0.024909019470214844
551,0.024796247482299805
552,0.02506399154663086
553,0.026686429977416992
554,0.03168153762817383
555,0.024814844131469727
556,0.026659250259399414
557,0.025272369384765625
558,0.026509523391723633
559,0.02655482292175293
560,0.025519609451293945
561,0.02538132667541504
562,0.025337934494018555
563,0.025150775909423828
564,0.02540445327758789
565,0.02575993537902832
566,0.02556133270263672
567,0.025485754013061523
568,0.025523662567138672
569,0.02621316909790039
570,0.02554631233215332
571,0.027078628540039062
572,0.025757789611816406
573,0.026687145233154297
574,0.026804447174072266
575,0.02592015266418457
576,0.02650928497314453
577,0.02676701545715332
578,0.026240110397338867
579,0.02614307403564453
580,0.028503894805908203
581,0.027966976165771484
582,0.02635669708251953
583,0.026514530181884766
584,0.027400970458984375
585,0.027843713760375977
586,0.02671670913696289
587,0.026247739791870117
588,0.026836156845092773
589,0.027116060256958008
590,0.028258085250854492
591,0.027683019638061523
592,0.026722192764282227
593,0.02677774429321289
594,0.028159618377685547
595,0.026923179626464844
596,0.02693486213684082
597,0.02763056755065918
598,0.028105735778808594
599,0.027322769165039062
600,0.027120351791381836
601,0.027944326400756836
602,0.027070999145507812
603,0.027256488800048828
604,0.027147531509399414
605,0.027463912963867188
606,0.029146194458007812
607,0.027269363403320312
608,0.027436017990112305
609,0.028358936309814453
610,0.02752399444580078
611,0.02761673927307129
612,0.028467893600463867
613,0.02728104591369629
614,0.02783966064453125
615,0.028285980224609375
616,0.027829647064208984
617,0.028029918670654297
618,0.029037952423095703
619,0.02780461311340332
620,0.0280606746673584
621,0.029821157455444336
622,0.02812957763671875
623,0.02808094024658203
624,0.0281064510345459
625,0.02929544448852539
626,0.028167009353637695
627,0.028799772262573242
628,0.030182361602783203
629,0.03012824058532715
630,0.028394460678100586
631,0.028578519821166992
632,0.028805255889892578
633,0.02971029281616211
634,0.028619766235351562
635,0.028516530990600586
636,0.02991938591003418
637,0.029677391052246094
638,0.028670549392700195
639,0.028966665267944336
640,0.029003143310546875
641,0.030474185943603516
642,0.029047489166259766
643,0.030807018280029297
644,0.03030109405517578
645,0.028914451599121094
646,0.029135465621948242
647,0.03055405616760254
648,0.029501914978027344
649,0.030220985412597656
650,0.03025078773498535
651,0.029515981674194336
652,0.03071117401123047
653,0.030750513076782227
654,0.029645681381225586
655,0.029299020767211914
656,0.029705047607421875
657,0.029780149459838867
658,0.029890060424804688
659,0.030041933059692383
660,0.03088092803955078
661,0.031119823455810547
662,0.031577348709106445
663,0.031154870986938477
664,0.031160831451416016
665,0.02996349334716797
666,0.03188371658325195
667,0.0316622257232666
668,0.03171968460083008
669,0.030422210693359375
670,0.030345916748046875
671,0.03046441078186035
672,0.030467987060546875
673,0.03093576431274414
674,0.032379150390625
675,0.03136491775512695
676,0.03960227966308594
677,0.030598878860473633
678,0.030912160873413086
679,0.03294658660888672
680,0.03217720985412598
681,0.03232121467590332
682,0.030967235565185547
683,0.03186821937561035
684,0.03226304054260254
685,0.031992197036743164
686,0.033228158950805664
687,0.031157732009887695
688,0.0326991081237793
689,0.032816410064697266
690,0.03270077705383301
691,0.032384395599365234
692,0.03163647651672363
693,0.031334877014160156
694,0.03133249282836914
695,0.03154301643371582
696,0.03249239921569824
697,0.03280520439147949
698,0.033043861389160156
699,0.033209800720214844
700,0.032792091369628906
701,0.03327369689941406
702,0.0333707332611084
703,0.03302574157714844
704,0.0328214168548584
705,0.03283834457397461
706,0.03354501724243164
707,0.0330662727355957
708,0.03215193748474121
709,0.033371686935424805
710,0.032228708267211914
711,0.03211832046508789
712,0.03213930130004883
713,0.03211402893066406
714,0.03310966491699219
715,0.03361392021179199
716,0.03397059440612793
717,0.033721923828125
718,0.034012556076049805
719,0.033924102783203125
720,0.03275799751281738
721,0.03309273719787598
722,0.032917022705078125
723,0.03250002861022949
724,0.034102678298950195
725,0.03365921974182129
726,0.034310340881347656
727,0.034203529357910156
728,0.032923221588134766
729,0.03308510780334473
730,0.03358626365661621
731,0.03522658348083496
732,0.034713029861450195
733,0.034117698669433594
734,0.03441643714904785
735,0.03343057632446289
736,0.03446555137634277
737,0.03473258018493652
738,0.03469347953796387
739,0.03476238250732422
740,0.033762216567993164
741,0.03366255760192871
742,0.034563302993774414
743,0.0346529483795166
744,0.035009145736694336
745,0.035273075103759766
746,0.0337522029876709
747,0.03525948524475098
748,0.03525519371032715
749,0.03480863571166992
750,0.03513741493225098
751,0.03479909896850586
752,0.03505373001098633
753,0.03526449203491211
754,0.035330772399902344
755,0.03437495231628418
756,0.035651445388793945
757,0.03556251525878906
758,0.03553915023803711
759,0.03473353385925293
760,0.03553962707519531
761,0.03584170341491699
762,0.03577613830566406
763,0.03594350814819336
764,0.03611636161804199
765,0.03491091728210449
766,0.036545753479003906
767,0.035798072814941406
768,0.03589630126953125
769,0.035291433334350586
770,0.03623175621032715
771,0.03635454177856445
772,0.03526711463928223
773,0.0362238883972168
774,0.03686642646789551
775,0.036855220794677734
776,0.03651237487792969
777,0.038335323333740234
778,0.03659534454345703
779,0.03716754913330078
780,0.03624224662780762
781,0.037166595458984375
782,0.0472569465637207
783,0.03666949272155762
784,0.036867618560791016
785,0.03708600997924805
786,0.03713822364807129
787,0.03689932823181152
788,0.0368649959564209
789,0.036089420318603516
790,0.03714704513549805
791,0.03737592697143555
792,0.03721761703491211
793,0.037825822830200195
794,0.03736591339111328
795,0.03774237632751465
796,0.03601884841918945
797,0.037812232971191406
798,0.03755974769592285
799,0.03722405433654785
800,0.037858009338378906
801,0.03671860694885254
802,0.03788495063781738
803,0.03798222541809082
804,0.03823566436767578
805,0.037895917892456055
806,0.03776359558105469
807,0.03818392753601074
808,0.03798365592956543
809,0.03809523582458496
810,0.03862428665161133
811,0.038439273834228516
812,0.038590431213378906
813,0.038398027420043945
814,0.0383303165435791
815,0.03838682174682617
816,0.038936614990234375
817,0.03879904747009277
818,0.03872084617614746
819,0.03839874267578125
820,0.03792858123779297
821,0.03892207145690918
822,0.03869175910949707
823,0.03828835487365723
824,0.03885602951049805
825,0.03844261169433594
826,0.03879284858703613
827,0.03901028633117676
828,0.039118051528930664
829,0.03953289985656738
830,0.03928399085998535
831,0.03877735137939453
832,0.03910636901855469
833,0.03946185111999512
834,0.046135663986206055
835,0.03897452354431152
836,0.03970456123352051
837,0.03946280479431152
838,0.039089202880859375
839,0.039449453353881836
840,0.04038500785827637
841,0.03953242301940918
842,0.039895057678222656
843,0.040166378021240234
844,0.0397341251373291
845,0.04014754295349121
846,0.039774179458618164
847,0.03985881805419922
848,0.040270328521728516
849,0.03975248336791992
850,0.0404355525970459
851,0.0402224063873291
852,0.03991389274597168
853,0.04016304016113281
854,0.04029226303100586
855,0.04017472267150879
856,0.040404319763183594
857,0.04053664207458496
858,0.040897369384765625
859,0.04067635536193848
860,0.04363250732421875
861,0.043924570083618164
862,0.040671586990356445
863,0.04087328910827637
864,0.04097485542297363
865,0.040625810623168945
866,0.04102587699890137
867,0.0404057502746582
868,0.041074514389038086
869,0.04053664207458496
870,0.04107832908630371
871,0.04115629196166992
872,0.04119110107421875
873,0.04155421257019043
874,0.040940284729003906
875,0.04130959510803223
876,0.04152083396911621
877,0.04140591621398926
878,0.04114198684692383
879,0.04248785972595215
880,0.04113173484802246
881,0.041893959045410156
882,0.052176713943481445
883,0.046929121017456055
884,0.042489051818847656
885,0.04179549217224121
886,0.04210925102233887
887,0.041927337646484375
888,0.042566776275634766
889,0.04189586639404297
890,0.042491912841796875
891,0.042188167572021484
892,0.04258155822753906
893,0.04280734062194824
894,0.04390072822570801
895,0.04267549514770508
896,0.04201626777648926
897,0.04209566116333008
898,0.042856693267822266
899,0.04256415367126465
900,0.042417287826538086
901,0.04295778274536133
902,0.042313337326049805
903,0.04268789291381836
904,0.04301142692565918
905,0.04266476631164551
906,0.04302668571472168
907,0.0426638126373291
908,0.04299283027648926
909,0.04361081123352051
910,0.0429384708404541
911,0.04321455955505371
912,0.04303908348083496
913,0.04292440414428711
914,0.04329371452331543
915,0.044851064682006836
916,0.043212890625
917,0.04312467575073242
918,0.04330730438232422
919,0.04381752014160156
920,0.04339456558227539
921,0.043766021728515625
922,0.05066967010498047
923,0.04378819465637207
924,0.04403233528137207
925,0.044179677963256836
926,0.04399824142456055
927,0.04370450973510742
928,0.04434323310852051
929,0.04405975341796875
930,0.04416203498840332
931,0.044834136962890625
932,0.0439145565032959
933,0.0439000129699707
934,0.0444796085357666
935,0.04423809051513672
936,0.04584670066833496
937,0.04477071762084961
938,0.04407238960266113
939,0.04470109939575195
940,0.043940067291259766
941,0.04518270492553711
942,0.044825077056884766
943,0.044838905334472656
944,0.044332027435302734
945,0.0449826717376709
946,0.04491233825683594
947,0.04487872123718262
948,0.04507946968078613
949,0.044756174087524414
950,0.04518461227416992
951,0.04599475860595703
952,0.04530525207519531
953,0.045113563537597656
954,0.04526233673095703
955,0.04557681083679199
956,0.04484081268310547
957,0.045522451400756836
958,0.045215606689453125
959,0.0453333854675293
960,0.04546022415161133
961,0.04544234275817871
962,0.045255184173583984
963,0.04517006874084473
964,0.045746564865112305
965,0.04600071907043457
966,0.04571390151977539
967,0.04547524452209473
968,0.04607105255126953
969,0.046080827713012695
970,0.04610323905944824
971,0.0462038516998291
972,0.04625058174133301
973,0.0457763671875
974,0.046158790588378906
975,0.04599428176879883
976,0.04619789123535156
977,0.04639935493469238
978,0.04624128341674805
979,0.04613637924194336
980,0.046796560287475586
981,0.04670453071594238
982,0.04658102989196777
983,0.04679369926452637
984,0.046402931213378906
985,0.04659390449523926
986,0.046623945236206055
987,0.04732108116149902
988,0.04684710502624512
989,0.04680776596069336
990,0.04733610153198242
991,0.046896934509277344
992,0.04738807678222656
993,0.04695749282836914
994,0.04726600646972656
995,0.04718661308288574
996,0.04669380187988281
997,0.047702789306640625
998,0.04662966728210449
999,0.04720640182495117
1000,0.04721951484680176
1001,0.04780864715576172
1002,0.04776191711425781
1003,0.047487497329711914
1004,0.047809600830078125
1005,0.04780292510986328
1006,0.04775047302246094
1007,0.04753398895263672
1008,0.0478215217590332
1009,0.04940342903137207
1010,0.04783916473388672
1011,0.047879934310913086
1012,0.04821014404296875
1013,0.04774141311645508
1014,0.047566890716552734
1015,0.04801630973815918
1016,0.04804849624633789
1017,0.048200130462646484
1018,0.0481719970703125
1019,0.05341053009033203
1020,0.05138444900512695
1021,0.04854536056518555
1022,0.04815816879272461
1023,0.04815340042114258
1024,0.04887080192565918
1025,0.04863786697387695
1026,0.0488436222076416
1027,0.04864144325256348
1028,0.048673152923583984
1029,0.04855465888977051
1030,0.048416852951049805
1031,0.04895973205566406
1032,0.04881906509399414
1033,0.0487215518951416
1034,0.048675537109375
1035,0.048928022384643555
1036,0.048972368240356445
1037,0.049143314361572266
1038,0.04910087585449219
1039,0.04952526092529297
1040,0.04885268211364746
1041,0.049204349517822266
1042,0.04941964149475098
1043,0.04915952682495117
1044,0.04974031448364258
1045,0.04918789863586426
1046,0.04942631721496582
1047,0.04947209358215332
1048,0.049840450286865234
1049,0.050794363021850586
1050,0.0490264892578125
1051,0.04958009719848633
1052,0.04954957962036133
1053,0.04932832717895508
1054,0.05007672309875488
1055,0.04978442192077637
1056,0.049874305725097656
1057,0.0496983528137207
1058,0.05046653747558594
1059,0.0496065616607666
1060,0.04995465278625488
1061,0.04988288879394531
1062,0.049963951110839844
1063,0.050218820571899414
1064,0.05008673667907715
1065,0.05143857002258301
1066,0.05022692680358887
1067,0.05017495155334473
1068,0.05074024200439453
1069,0.05040335655212402
1070,0.05086565017700195
1071,0.05037665367126465
1072,0.0504307746887207
1073,0.05069923400878906
1074,0.050611257553100586
1075,0.05796933174133301
1076,0.051154136657714844
1077,0.05033612251281738
1078,0.051422834396362305
1079,0.050965070724487305
1080,0.05083513259887695
1081,0.05086231231689453
1082,0.05109047889709473
1083,0.05089712142944336
1084,0.05123448371887207
1085,0.051544904708862305
1086,0.0516359806060791
1087,0.051206111907958984
1088,0.051287174224853516
1089,0.05124950408935547
1090,0.05143332481384277
1091,0.05194664001464844
1092,0.05164694786071777
1093,0.05118107795715332
1094,0.051682472229003906
1095,0.05179476737976074
1096,0.05144691467285156
1097,0.05218148231506348
1098,0.052286624908447266
1099,0.051843881607055664
1100,0.05193901062011719
1101,0.05203700065612793
1102,0.05165886878967285
1103,0.05151224136352539
1104,0.05255889892578125
1105,0.05201220512390137
1106,0.05198264122009277
1107,0.052440643310546875
1108,0.05224418640136719
1109,0.05189919471740723
1110,0.0529484748840332
1111,0.052783966064453125
1112,0.052843570709228516
1113,0.05250191688537598
1114,0.05250859260559082
1115,0.0526731014251709
1116,0.053119659423828125
1117,0.052956581115722656
1118,0.053054094314575195
1119,0.05320405960083008
1120,0.05330038070678711
1121,0.05290365219116211
1122,0.05271601676940918
1123,0.053108930587768555
1124,0.05252480506896973
1125,0.06077432632446289
1126,0.05324363708496094
1127,0.05334877967834473
1128,0.05424070358276367
1129,0.05369424819946289
1130,0.05379819869995117
1131,0.05368685722351074
1132,0.05308341979980469
1133,0.05355119705200195
1134,0.05354809761047363
1135,0.05455732345581055
1136,0.053981781005859375
1137,0.05350160598754883
1138,0.05454707145690918
1139,0.054691314697265625
1140,0.053975820541381836
1141,0.05416393280029297
1142,0.053507089614868164
1143,0.054990291595458984
1144,0.053308725357055664
1145,0.053888797760009766
1146,0.05485653877258301
1147,0.054193973541259766
1148,0.035005807876586914
1149,0.054482221603393555
1150,0.05435490608215332
1151,0.05475735664367676
1152,0.05486154556274414
1153,0.054224252700805664
1154,0.055101633071899414
1155,0.05419516563415527
1156,0.05495476722717285
1157,0.0545804500579834
1158,0.054840803146362305
1159,0.05734729766845703
1160,0.06914997100830078
1161,0.054935455322265625
1162,0.054874420166015625
1163,0.055556535720825195
1164,0.055238962173461914
1165,0.05510377883911133
1166,0.05494976043701172
1167,0.054872989654541016
1168,0.055121660232543945
1169,0.05498838424682617
1170,0.05530953407287598
1171,0.05545926094055176
1172,0.05591845512390137
1173,0.05585789680480957
1174,0.055364131927490234
1175,0.058559417724609375
1176,0.056337833404541016
1177,0.05605435371398926
1178,0.05588126182556152
1179,0.055426836013793945
1180,0.05591988563537598
1181,0.05568575859069824
1182,0.05541682243347168
1183,0.056189537048339844
1184,0.05567526817321777
1185,0.05569720268249512
1186,0.05582094192504883
1187,0.05576491355895996
1188,0.055664777755737305
1189,0.05632209777832031
1190,0.056084394454956055
1191,0.05608940124511719
1192,0.05619955062866211
1193,0.05592989921569824
1194,0.06081247329711914
1195,0.05815625190734863
1196,0.0794060230255127
1197,0.060996294021606445
1198,0.05881977081298828
1199,0.05816912651062012
1200,0.0703282356262207
1201,0.057646751403808594
1202,0.05847477912902832
1203,0.05735659599304199
1204,0.05722308158874512
1205,0.05722236633300781
1206,0.07270574569702148
1207,0.06438970565795898
1208,0.05969643592834473
1209,0.05867290496826172
1210,0.05966901779174805
1211,0.06063556671142578
1212,0.05867743492126465
1213,0.056975603103637695
1214,0.057633161544799805
1215,0.0582888126373291
1216,0.057585716247558594
1217,0.05813932418823242
1218,0.058213233947753906
1219,0.05799293518066406
1220,0.05845069885253906
1221,0.05743002891540527
1222,0.05787372589111328
1223,0.05803227424621582
1224,0.057558536529541016
1225,0.05839872360229492
1226,0.0579218864440918
1227,0.05868649482727051
1228,0.0581209659576416
1229,0.05768394470214844
1230,0.05830883979797363
1231,0.05787205696105957
1232,0.05836892127990723
1233,0.05815291404724121
1234,0.05829334259033203
1235,0.058281660079956055
1236,0.05931425094604492
1237,0.05849480628967285
1238,0.05894112586975098
1239,0.05932736396789551
1240,0.0590205192565918
1241,0.05892062187194824
1242,0.05957841873168945
1243,0.06074333190917969
1244,0.05893993377685547
1245,0.05911374092102051
1246,0.05985140800476074
1247,0.058518409729003906
1248,0.059346675872802734
1249,0.05886507034301758
1250,0.058928728103637695
1251,0.059082746505737305
1252,0.06109881401062012
1253,0.05941319465637207
1254,0.06692957878112793
1255,0.060074806213378906
1256,0.05901002883911133
1257,0.05971646308898926
1258,0.05948615074157715
1259,0.05934953689575195
1260,0.05994009971618652
1261,0.059255361557006836
1262,0.0596771240234375
1263,0.05956149101257324
1264,0.05993962287902832
1265,0.06051969528198242
1266,0.06090998649597168
1267,0.06033778190612793
1268,0.05996274948120117
1269,0.06000494956970215
1270,0.06042957305908203
1271,0.06883907318115234
1272,0.06682634353637695
1273,0.06186318397521973
1274,0.061361074447631836
1275,0.060448646545410156
1276,0.06050992012023926
1277,0.060662031173706055
1278,0.06060290336608887
1279,0.060388803482055664
1280,0.0610966682434082
1281,0.06010746955871582
1282,0.06165671348571777
1283,0.06080126762390137
1284,0.06050992012023926
1285,0.06103849411010742
1286,0.060392141342163086
1287,0.060645341873168945
1288,0.060620784759521484
1289,0.06112027168273926
1290,0.06115365028381348
1291,0.060637474060058594
1292,0.0607905387878418
1293,0.06091189384460449
1294,0.06132102012634277
1295,0.06261682510375977
1296,0.06133151054382324
1297,0.061629533767700195
1298,0.06135821342468262
1299,0.06261539459228516
1300,0.06186699867248535
1301,0.06191587448120117
1302,0.06081891059875488
1303,0.061310768127441406
1304,0.06139206886291504
1305,0.06162524223327637
1306,0.062245845794677734
1307,0.06161808967590332
1308,0.06193852424621582
1309,0.06175637245178223
1310,0.06197619438171387
1311,0.06329345703125
1312,0.07181477546691895
1313,0.061820268630981445
1314,0.062291622161865234
1315,0.06304788589477539
1316,0.062079668045043945
1317,0.06233859062194824
1318,0.062287092208862305
1319,0.06286239624023438
1320,0.06295156478881836
1321,0.062001705169677734
1322,0.06458044052124023
1323,0.06248950958251953
1324,0.0625455379486084
1325,0.06313753128051758
1326,0.06394052505493164
1327,0.06338644027709961
1328,0.06261610984802246
1329,0.0628957748413086
1330,0.06342434883117676
1331,0.06269645690917969
1332,0.0633387565612793
1333,0.06374812126159668
1334,0.06319189071655273
1335,0.06371617317199707
1336,0.06342673301696777
1337,0.06349873542785645
1338,0.06340980529785156
1339,0.06330251693725586
1340,0.06421875953674316
1341,0.06575679779052734
1342,0.06702733039855957
1343,0.06381368637084961
1344,0.06405925750732422
1345,0.0636148452758789
1346,0.06389141082763672
1347,0.06438302993774414
1348,0.06412339210510254
1349,0.0642244815826416
1350,0.06458425521850586
1351,0.06570219993591309
1352,0.06514239311218262
1353,0.06426858901977539
1354,0.06500506401062012
1355,0.064666748046875
1356,0.0646982192993164
1357,0.06411528587341309
1358,0.0647282600402832
1359,0.06471443176269531
1360,0.06453490257263184
1361,0.06479239463806152
1362,0.06492900848388672
1363,0.06444454193115234
1364,0.0810546875
1365,0.06562685966491699
1366,0.06482863426208496
1367,0.06492447853088379
1368,0.06502413749694824
1369,0.06506896018981934
1370,0.0652170181274414
1371,0.06482386589050293
1372,0.06593894958496094
1373,0.06452202796936035
1374,0.06506133079528809
1375,0.06606268882751465
1376,0.0654134750366211
1377,0.06556582450866699
1378,0.06532502174377441
1379,0.06525301933288574
1380,0.06535840034484863
1381,0.06588983535766602
1382,0.06567835807800293
1383,0.06527543067932129
1384,0.06552720069885254
1385,0.0657351016998291
1386,0.06560349464416504
1387,0.06585955619812012
1388,0.06615138053894043
1389,0.0660862922668457
1390,0.06591081619262695
1391,0.0660092830657959
1392,0.06614470481872559
1393,0.06590604782104492
1394,0.06618881225585938
1395,0.06642031669616699
1396,0.06664204597473145
1397,0.0666050910949707
1398,0.06677460670471191
1399,0.06646227836608887
1400,0.06605958938598633
1401,0.06640815734863281
1402,0.06711196899414062
1403,0.06644225120544434
1404,0.07137393951416016
1405,0.06688666343688965
1406,0.06852555274963379
1407,0.06777215003967285
1408,0.07237982749938965
1409,0.06617426872253418
1410,0.06735086441040039
1411,0.06682777404785156
1412,0.0665578842163086
1413,0.06719017028808594
1414,0.06848716735839844
1415,0.07082986831665039
1416,0.06697797775268555
1417,0.06770682334899902
1418,0.06753778457641602
1419,0.06737780570983887
1420,0.06760239601135254
1421,0.06720805168151855
1422,0.06753253936767578
1423,0.06771612167358398
1424,0.0682837963104248
1425,0.06779670715332031
1426,0.0677652359008789
1427,0.06809473037719727
1428,0.0679628849029541
1429,0.06769132614135742
1430,0.06831669807434082
1431,0.06753730773925781
1432,0.0681757926940918
1433,0.0681009292602539
1434,0.0676736831665039
1435,0.06796717643737793
1436,0.06804370880126953
1437,0.06802892684936523
1438,0.06808328628540039
1439,0.0682225227355957
1440,0.06842422485351562
1441,0.06822609901428223
1442,0.06845545768737793
1443,0.06852936744689941
1444,0.06839418411254883
1445,0.0689699649810791
1446,0.06887102127075195
1447,0.06908392906188965
1448,0.0682821273803711
1449,0.06868100166320801
1450,0.06925702095031738
1451,0.06903386116027832
1452,0.06973838806152344
1453,0.06867432594299316
1454,0.06907391548156738
1455,0.0696573257446289
1456,0.06925201416015625
1457,0.06988215446472168
1458,0.06957077980041504
1459,0.06992030143737793
1460,0.06948018074035645
1461,0.06949782371520996
1462,0.07067298889160156
1463,0.06975340843200684
1464,0.08078527450561523
1465,0.06988358497619629
1466,0.07080674171447754
1467,0.06961846351623535
1468,0.07034754753112793
1469,0.07022476196289062
1470,0.0699012279510498
1471,0.06989765167236328
1472,0.07044839859008789
1473,0.07003068923950195
1474,0.07061100006103516
1475,0.07081985473632812
1476,0.07030439376831055
1477,0.07036113739013672
1478,0.07044792175292969
1479,0.07045364379882812
1480,0.07087016105651855
1481,0.07045197486877441
1482,0.07051563262939453
1483,0.07096004486083984
1484,0.06978702545166016
1485,0.0702204704284668
1486,0.07053971290588379
1487,0.0709066390991211
1488,0.07114291191101074
1489,0.07105851173400879
1490,0.07079839706420898
1491,0.07099032402038574
1492,0.07119059562683105
1493,0.07152104377746582
1494,0.07135701179504395
1495,0.07118821144104004
1496,0.07127928733825684
1497,0.07156968116760254
1498,0.0707852840423584
1499,0.07126259803771973
1500,0.07176089286804199
1501,0.07164287567138672
1502,0.07195878028869629
1503,0.07157349586486816
1504,0.07125377655029297
1505,0.0716848373413086
1506,0.07134413719177246
1507,0.07199478149414062
1508,0.07165336608886719
1509,0.07095694541931152
1510,0.08038806915283203
1511,0.07433533668518066
1512,0.07190155982971191
1513,0.07235360145568848
1514,0.07218360900878906
1515,0.07229900360107422
1516,0.07251524925231934
1517,0.07227945327758789
1518,0.07236599922180176
1519,0.07262420654296875
1520,0.07229971885681152
1521,0.07308769226074219
1522,0.07270050048828125
1523,0.07201480865478516
1524,0.07305049896240234
1525,0.0731055736541748
1526,0.07295608520507812
1527,0.07269096374511719
1528,0.07253527641296387
1529,0.07372069358825684
1530,0.07419395446777344
1531,0.07242774963378906
1532,0.07270693778991699
1533,0.07292652130126953
1534,0.07329082489013672
1535,0.07352757453918457
1536,0.07363414764404297
1537,0.07313036918640137
1538,0.07319211959838867
1539,0.07316946983337402
1540,0.07319021224975586
1541,0.07348394393920898
1542,0.0732724666595459
1543,0.07322454452514648
1544,0.0735166072845459
1545,0.07361841201782227
1546,0.07380557060241699
1547,0.07386636734008789
1548,0.0743265151977539
1549,0.07384490966796875
1550,0.07448554039001465
1551,0.07337284088134766
1552,0.07394766807556152
1553,0.07361960411071777
1554,0.07345390319824219
1555,0.07355618476867676
1556,0.07393765449523926
1557,0.07650899887084961
1558,0.07705450057983398
1559,0.07422113418579102
1560,0.07378005981445312
1561,0.07422375679016113
1562,0.07419610023498535
1563,0.07424497604370117
1564,0.07423949241638184
1565,0.07472944259643555
1566,0.07459521293640137
1567,0.07510089874267578
1568,0.0750114917755127
1569,0.07459330558776855
1570,0.0745551586151123
1571,0.07483911514282227
1572,0.07451558113098145
1573,0.07468104362487793
1574,0.07528257369995117
1575,0.07512855529785156
1576,0.07488203048706055
1577,0.07528138160705566
1578,0.07457804679870605
1579,0.07510972023010254
1580,0.07485151290893555
1581,0.07538676261901855
1582,0.07598710060119629
1583,0.075286865234375
1584,0.07572340965270996
1585,0.07505011558532715
1586,0.07535052299499512
1587,0.07551169395446777
1588,0.07489633560180664
1589,0.0757439136505127
1590,0.07612156867980957
1591,0.07529568672180176
1592,0.07560348510742188
1593,0.07565808296203613
1594,0.07606673240661621
1595,0.07608914375305176
1596,0.07582473754882812
1597,0.07559990882873535
1598,0.07623481750488281
1599,0.07605981826782227
1600,0.0757455825805664
1601,0.08394885063171387
1602,0.0759115219116211
1603,0.07617974281311035
1604,0.07675623893737793
1605,0.07652664184570312
1606,0.07637810707092285
1607,0.07627344131469727
1608,0.07664179801940918
1609,0.0765678882598877
1610,0.07738780975341797
1611,0.07681012153625488
1612,0.07669281959533691
1613,0.0769796371459961
1614,0.07674503326416016
1615,0.07720351219177246
1616,0.07832646369934082
1617,0.07687568664550781
1618,0.07695412635803223
1619,0.07728099822998047
1620,0.07747340202331543
1621,0.07705974578857422
1622,0.07690310478210449
1623,0.07725286483764648
1624,0.0769658088684082
1625,0.07715916633605957
1626,0.07766222953796387
1627,0.07716536521911621
1628,0.07741904258728027
1629,0.07737255096435547
1630,0.07802104949951172
1631,0.07815933227539062
1632,0.07775402069091797
1633,0.07770061492919922
1634,0.0780637264251709
1635,0.0775003433227539
1636,0.0784139633178711
1637,0.07817339897155762
1638,0.07821035385131836
1639,0.07803106307983398
1640,0.07792544364929199
1641,0.0781090259552002
1642,0.07802987098693848
1643,0.07819223403930664
1644,0.08604574203491211
1645,0.0784294605255127
1646,0.07895326614379883
1647,0.0786285400390625
1648,0.07790255546569824
1649,0.07864022254943848
1650,0.07909250259399414
1651,0.0790400505065918
1652,0.07853889465332031
1653,0.07850527763366699
1654,0.07845377922058105
1655,0.07870364189147949
1656,0.079376220703125
1657,0.07875895500183105
1658,0.07906413078308105
1659,0.07922029495239258
1660,0.07935380935668945
1661,0.07904052734375
1662,0.07929468154907227
1663,0.07945704460144043
1664,0.07929325103759766
1665,0.07947111129760742
1666,0.07975149154663086
1667,0.07967424392700195
1668,0.0800776481628418
1669,0.08012890815734863
1670,0.07985162734985352
1671,0.07979154586791992
1672,0.08005881309509277
1673,0.08021068572998047
1674,0.08095908164978027
1675,0.08035969734191895
1676,0.08034777641296387
1677,0.08044123649597168
1678,0.0802910327911377
1679,0.08036398887634277
1680,0.0804145336151123
1681,0.07978534698486328
1682,0.08009552955627441
1683,0.08010625839233398
1684,0.08097076416015625
1685,0.08236265182495117
1686,0.08815455436706543
1687,0.08072471618652344
1688,0.08087611198425293
1689,0.08032870292663574
1690,0.08065009117126465
1691,0.080841064453125
1692,0.08027172088623047
1693,0.08021020889282227
1694,0.08115172386169434
1695,0.0805048942565918
1696,0.08124303817749023
1697,0.08079004287719727
1698,0.08040046691894531
1699,0.08053064346313477
1700,0.08087706565856934
1701,0.0814056396484375
1702,0.08168220520019531
1703,0.08075237274169922
1704,0.0809478759765625
1705,0.08123970031738281
1706,0.08117341995239258
1707,0.0812368392944336
1708,0.08157730102539062
1709,0.08174300193786621
1710,0.0813741683959961
1711,0.08178377151489258
1712,0.08167362213134766
1713,0.08143138885498047
1714,0.08188867568969727
1715,0.0814657211303711
1716,0.08279705047607422
1717,0.08157181739807129
1718,0.08204245567321777
1719,0.0823216438293457
1720,0.08243894577026367
1721,0.08286547660827637
1722,0.0828104019165039
1723,0.08262467384338379
1724,0.0828862190246582
1725,0.08237791061401367
1726,0.08141756057739258
1727,0.08208036422729492
1728,0.0838925838470459
1729,0.08331418037414551
1730,0.08539509773254395
1731,0.06244158744812012
1732,0.08310866355895996
1733,0.08282589912414551
1734,0.08410835266113281
1735,0.08336234092712402
1736,0.08331465721130371
1737,0.08329939842224121
1738,0.08258199691772461
1739,0.08332300186157227
1740,0.08306479454040527
1741,0.08326125144958496
1742,0.08340787887573242
1743,0.08294105529785156
1744,0.08293390274047852
1745,0.08366060256958008
1746,0.08342099189758301
1747,0.08377456665039062
1748,0.08338332176208496
1749,0.0835256576538086
1750,0.08426976203918457
1751,0.08588814735412598
1752,0.08383941650390625
1753,0.08339476585388184
1754,0.08490705490112305
1755,0.08435297012329102
1756,0.08300971984863281
1757,0.08449912071228027
1758,0.08431839942932129
1759,0.08426451683044434
1760,0.08448624610900879
1761,0.08439898490905762
1762,0.08629107475280762
1763,0.08411407470703125
1764,0.0844261646270752
1765,0.08450174331665039
1766,0.08458232879638672
1767,0.10437488555908203
1768,0.08575582504272461
1769,0.08509254455566406
1770,0.08498096466064453
1771,0.0858457088470459
1772,0.08529520034790039
1773,0.0858774185180664
1774,0.08623242378234863
1775,0.08587479591369629
1776,0.0857689380645752
1777,0.0852508544921875
1778,0.0860602855682373
1779,0.08423471450805664
1780,0.08560705184936523
1781,0.08601498603820801
1782,0.08592772483825684
1783,0.08577775955200195
1784,0.08551454544067383
1785,0.0860745906829834
1786,0.0858454704284668
1787,0.08579325675964355
1788,0.08556222915649414
1789,0.08654212951660156
1790,0.08629894256591797
1791,0.08559632301330566
1792,0.08594369888305664
1793,0.0865011215209961
1794,0.08610773086547852
1795,0.0864570140838623
1796,0.08969378471374512
1797,0.08649063110351562
1798,0.08642864227294922
1799,0.08618950843811035
1800,0.0858314037322998
1801,0.08663535118103027
1802,0.08687806129455566
1803,0.0870051383972168
1804,0.08754849433898926
1805,0.0866250991821289
1806,0.08702969551086426
1807,0.08704924583435059
1808,0.08712649345397949
1809,0.08731770515441895
1810,0.08729171752929688
1811,0.08597040176391602
1812,0.08733963966369629
1813,0.08660244941711426
1814,0.08751058578491211
1815,0.08747053146362305
1816,0.08723688125610352
1817,0.08774757385253906
1818,0.08778190612792969
1819,0.08746719360351562
1820,0.08802509307861328
1821,0.08707380294799805
1822,0.08766555786132812
1823,0.08762550354003906
1824,0.08811569213867188
1825,0.0876305103302002
1826,0.08778524398803711
1827,0.08764505386352539
1828,0.08664202690124512
1829,0.08805608749389648
1830,0.0880880355834961
1831,0.08879733085632324
1832,0.08792400360107422
1833,0.08812427520751953
1834,0.08795833587646484
1835,0.08985710144042969
1836,0.08862471580505371
1837,0.08791399002075195
1838,0.08854866027832031
1839,0.08824372291564941
1840,0.08750605583190918
1841,0.08822202682495117
1842,0.0884404182434082
1843,0.08900260925292969
1844,0.08854818344116211
1845,0.08734869956970215
1846,0.0888204574584961
1847,0.08857345581054688
1848,0.0889432430267334
1849,0.09702324867248535
1850,0.08786940574645996
1851,0.08847451210021973
1852,0.08872246742248535
1853,0.08878803253173828
1854,0.08891582489013672
1855,0.09012150764465332
1856,0.08906102180480957
1857,0.08945083618164062
1858,0.0891256332397461
1859,0.09060406684875488
1860,0.08978629112243652
1861,0.09001374244689941
1862,0.08954858779907227
1863,0.08974504470825195
1864,0.08974623680114746
1865,0.08994603157043457
1866,0.09029626846313477
1867,0.08945822715759277
1868,0.08964991569519043
1869,0.08891701698303223
1870,0.08911585807800293
1871,0.09007549285888672
1872,0.09283804893493652
1873,0.08962082862854004
1874,0.09104704856872559
1875,0.0906984806060791
1876,0.09067678451538086
1877,0.09205436706542969
1878,0.09115982055664062
1879,0.09679269790649414
1880,0.0899209976196289
1881,0.09068918228149414
1882,0.09091067314147949
1883,0.09132170677185059
1884,0.09086322784423828
1885,0.09085321426391602
1886,0.09147286415100098
1887,0.09133529663085938
1888,0.09076189994812012
1889,0.09108614921569824
1890,0.09184861183166504
1891,0.0913686752319336
1892,0.09075140953063965
1893,0.08992838859558105
1894,0.09174680709838867
1895,0.0913231372833252
1896,0.09139394760131836
1897,0.0909738540649414
1898,0.09171700477600098
1899,0.09142804145812988
1900,0.09168195724487305
1901,0.09199094772338867
1902,0.0902402400970459
1903,0.09052205085754395
1904,0.09242820739746094
1905,0.09177136421203613
1906,0.09220671653747559
1907,0.09236621856689453
1908,0.09057784080505371
1909,0.09196591377258301
1910,0.09247446060180664
1911,0.09479331970214844
1912,0.09308791160583496
1913,0.09293293952941895
1914,0.09148359298706055
1915,0.09199881553649902
1916,0.09278011322021484
1917,0.09415102005004883
1918,0.09257054328918457
1919,0.09220647811889648
1920,0.09580779075622559
1921,0.09264564514160156
1922,0.09313368797302246
1923,0.09253954887390137
1924,0.09206819534301758
1925,0.09232664108276367
1926,0.09307312965393066
1927,0.09350466728210449
1928,0.09186625480651855
1929,0.09326386451721191
1930,0.09378910064697266
1931,0.09289407730102539
1932,0.09241652488708496
1933,0.09240412712097168
1934,0.09393477439880371
1935,0.09215664863586426
1936,0.0934300422668457
1937,0.09334540367126465
1938,0.09361028671264648
1939,0.09258651733398438
1940,0.09375691413879395
1941,0.09379076957702637
1942,0.09319281578063965
1943,0.0929255485534668
1944,0.09333467483520508
1945,0.09428215026855469
1946,0.09552359580993652
1947,0.09425091743469238
1948,0.09316658973693848
1949,0.09379220008850098
1950,0.09430408477783203
1951,0.09216904640197754
1952,0.09368538856506348
1953,0.1014702320098877
1954,0.09479403495788574
1955,0.09282684326171875
1956,0.09561300277709961
1957,0.09361743927001953
1958,0.0950770378112793
1959,0.09350705146789551
1960,0.09556961059570312
1961,0.09549808502197266
1962,0.09467196464538574
1963,0.09532642364501953
1964,0.09367895126342773
1965,0.09440445899963379
1966,0.09407925605773926
1967,0.09525704383850098
1968,0.09515857696533203
1969,0.09369874000549316
1970,0.09534096717834473
1971,0.09421586990356445
1972,0.09560441970825195
1973,0.09483957290649414
1974,0.09549593925476074
1975,0.09609103202819824
1976,0.09412693977355957
1977,0.09536361694335938
1978,0.09401512145996094
1979,0.09606242179870605
1980,0.0942847728729248
1981,0.09568166732788086
1982,0.0958709716796875
1983,0.09590578079223633
1984,0.09633111953735352
1985,0.09481000900268555
1986,0.09506726264953613
1987,0.09588265419006348
1988,0.09656524658203125
1989,0.10625457763671875
1990,0.09598731994628906
1991,0.09536242485046387
1992,0.09641385078430176
1993,0.09523653984069824
1994,0.09669208526611328
1995,0.09523582458496094
1996,0.09676504135131836
1997,0.09689879417419434
1998,0.09594535827636719
1999,0.09657025337219238
2000,0.09557628631591797
2001,0.09683561325073242
2002,0.09627342224121094
2003,0.09715127944946289
2004,0.09740614891052246
2005,0.09578585624694824
2006,0.09769725799560547
2007,0.09625053405761719
2008,0.09681892395019531
2009,0.0977940559387207
2010,0.09683823585510254
2011,0.09756040573120117
2012,0.09630870819091797
2013,0.09799957275390625
2014,0.0976569652557373
2015,0.09643864631652832
2016,0.09944558143615723
2017,0.0966041088104248
2018,0.09665846824645996
2019,0.09790539741516113
2020,0.09790301322937012
2021,0.09699201583862305
2022,0.09690070152282715
2023,0.09795975685119629
2024,0.1041402816772461
2025,0.09800887107849121
2026,0.0969538688659668
2027,0.0973813533782959
2028,0.09846830368041992
2029,0.09814786911010742
2030,0.09793591499328613
2031,0.09833025932312012
2032,0.09847283363342285
2033,0.09700798988342285
2034,0.09862017631530762
2035,0.09933996200561523
2036,0.09787416458129883
2037,0.09792709350585938
2038,0.09873604774475098
2039,0.09881258010864258
2040,0.09797954559326172
2041,0.0974724292755127
2042,0.0990748405456543
2043,0.09945201873779297
2044,0.09822940826416016
2045,0.09827828407287598
2046,0.0981602668762207
2047,0.09953427314758301
2048,0.09969472885131836
2049,0.09911704063415527
2050,0.09821057319641113
2051,0.09832644462585449
2052,0.09995603561401367
2053,0.10005474090576172
2054,0.1002497673034668
2055,0.09932851791381836
2056,0.09848499298095703
2057,0.09883618354797363
2058,0.10249972343444824
2059,0.09932279586791992
2060,0.0993800163269043
2061,0.09934115409851074
2062,0.09936761856079102
2063,0.09938836097717285
2064,0.10051846504211426
2065,0.09981536865234375
2066,0.10100078582763672
2067,0.10043573379516602
2068,0.0990440845489502
2069,0.09924697875976562
2070,0.09965968132019043
2071,0.10055017471313477
2072,0.10094976425170898
2073,0.10049247741699219
2074,0.10048127174377441
2075,0.10125446319580078
2076,0.1009213924407959
2077,0.09985876083374023
2078,0.09965801239013672
2079,0.09969830513000488
2080,0.10014915466308594
2081,0.10105037689208984
2082,0.10099649429321289
2083,0.10159730911254883
2084,0.10176634788513184
2085,0.10183548927307129
2086,0.1013946533203125
2087,0.10123491287231445
2088,0.10165739059448242
2089,0.10167503356933594
2090,0.1021113395690918
2091,0.1090095043182373
2092,0.10054588317871094
2093,0.10068154335021973
2094,0.10063767433166504
2095,0.1003577709197998
2096,0.10079479217529297
2097,0.10061907768249512
2098,0.10111451148986816
2099,0.10088014602661133
2100,0.10133886337280273
2101,0.10092496871948242
2102,0.10121893882751465
2103,0.1009969711303711
2104,0.10117411613464355
2105,0.10113000869750977
2106,0.10103535652160645
2107,0.10151553153991699
2108,0.1013803482055664
2109,0.10141944885253906
2110,0.1017603874206543
2111,0.10245347023010254
2112,0.10328412055969238
2113,0.1024937629699707
2114,0.10312390327453613
2115,0.10292673110961914
2116,0.1032719612121582
2117,0.10289978981018066
2118,0.10154557228088379
2119,0.10250115394592285
2120,0.10199379920959473
2121,0.10241365432739258
2122,0.10309910774230957
2123,0.1029517650604248
2124,0.11101675033569336
2125,0.10225725173950195
2126,0.10330319404602051
2127,0.10345101356506348
2128,0.10368704795837402
2129,0.10350298881530762
2130,0.10391068458557129
2131,0.10280513763427734
2132,0.10280346870422363
2133,0.10293436050415039
2134,0.10367107391357422
2135,0.10419702529907227
2136,0.10290932655334473
2137,0.1029059886932373
2138,0.10289382934570312
2139,0.10419797897338867
2140,0.10479283332824707
2141,0.1041266918182373
2142,0.10309672355651855
2143,0.10347342491149902
2144,0.10283851623535156
2145,0.10565781593322754
2146,0.10428404808044434
2147,0.10347151756286621
2148,0.10338759422302246
2149,0.10341334342956543
2150,0.10571050643920898
2151,0.10485219955444336
2152,0.10356640815734863
2153,0.10531067848205566
2154,0.10453152656555176
2155,0.10459542274475098
2156,0.10467910766601562
2157,0.10811281204223633
2158,0.1056215763092041
2159,0.1044771671295166
2160,0.10419726371765137
2161,0.10395097732543945
2162,0.1044764518737793
2163,0.10557198524475098
2164,0.10514092445373535
2165,0.10393786430358887
2166,0.10580730438232422
2167,0.10505843162536621
2168,0.10431694984436035
2169,0.10564947128295898
2170,0.10448956489562988
2171,0.10470271110534668
2172,0.10654759407043457
2173,0.10479545593261719
2174,0.10537314414978027
2175,0.10569238662719727
2176,0.10481429100036621
2177,0.10488319396972656
2178,0.10657548904418945
2179,0.10538411140441895
2180,0.10687923431396484
2181,0.1056520938873291
2182,0.1055598258972168
2183,0.1067812442779541
2184,0.10555648803710938
2185,0.10656285285949707
2186,0.10565447807312012
2187,0.11898446083068848
2188,0.11038708686828613
2189,0.10639762878417969
2190,0.10724735260009766
2191,0.10634827613830566
2192,0.10761094093322754
2193,0.10628461837768555
2194,0.10910749435424805
2195,0.10708737373352051
2196,0.10604023933410645
2197,0.10575127601623535
2198,0.10599923133850098
2199,0.10610556602478027
2200,0.10745382308959961
2201,0.10612106323242188
2202,0.10757088661193848
2203,0.10601210594177246
2204,0.10803532600402832
2205,0.10615777969360352
2206,0.10805153846740723
2207,0.10690498352050781
2208,0.1078331470489502
2209,0.10631775856018066
2210,0.10796880722045898
2211,0.10614752769470215
2212,0.10887527465820312
2213,0.10756826400756836
2214,0.10719513893127441
2215,0.1072993278503418
2216,0.10780858993530273
2217,0.10713338851928711
2218,0.10773539543151855
2219,0.1105809211730957
2220,0.10743546485900879
2221,0.10893869400024414
2222,0.10743951797485352
2223,0.1073300838470459
2224,0.10753369331359863
2225,0.10968804359436035
2226,0.1073451042175293
2227,0.11014103889465332
2228,0.10976219177246094
2229,0.1096494197845459
2230,0.10945534706115723
2231,0.10841894149780273
2232,0.1080634593963623
2233,0.10992169380187988
2234,0.1080620288848877
2235,0.10858392715454102
2236,0.1096043586730957
2237,0.10832095146179199
2238,0.10829663276672363
2239,0.1092832088470459
2240,0.10863780975341797
2241,0.10788846015930176
2242,0.1096198558807373
2243,0.10892868041992188
2244,0.10920405387878418
2245,0.10826683044433594
2246,0.10908079147338867
2247,0.10884428024291992
2248,0.10868215560913086
2249,0.11042284965515137
2250,0.11976909637451172
2251,0.10941123962402344
2252,0.11118221282958984
2253,0.1086430549621582
2254,0.10934305191040039
2255,0.10944128036499023
2256,0.11121892929077148
2257,0.10926985740661621
2258,0.11078691482543945
2259,0.1093904972076416
2260,0.11055970191955566
2261,0.1110680103302002
2262,0.11054110527038574
2263,0.10991644859313965
2264,0.1103053092956543
2265,0.11087489128112793
2266,0.1097104549407959
2267,0.10979914665222168
2268,0.11001420021057129
2269,0.11051106452941895
2270,0.11251330375671387
2271,0.1098167896270752
2272,0.11009359359741211
2273,0.10965585708618164
2274,0.10984420776367188
2275,0.11161088943481445
2276,0.11030435562133789
2277,0.11027050018310547
2278,0.11132121086120605
2279,0.11050033569335938
2280,0.11101007461547852
2281,0.12044072151184082
2282,0.11069536209106445
2283,0.11061549186706543
2284,0.11077499389648438
2285,0.11165618896484375
2286,0.1110236644744873
2287,0.1128237247467041
2288,0.11217808723449707
2289,0.1109914779663086
2290,0.11131405830383301
2291,0.11110544204711914
2292,0.11135601997375488
2293,0.11097931861877441
2294,0.11226391792297363
2295,0.11263322830200195
2296,0.11327290534973145
2297,0.11130499839782715
2298,0.11101770401000977
2299,0.11154031753540039
2300,0.11125922203063965
2301,0.11099696159362793
2302,0.11212706565856934
2303,0.11154675483703613
2304,0.11174440383911133
2305,0.12183499336242676
2306,0.11250543594360352
2307,0.1120913028717041
2308,0.11272263526916504
2309,0.11265921592712402
2310,0.11263084411621094
2311,0.11239337921142578
2312,0.11252307891845703
2313,0.11215448379516602
2314,0.11251997947692871
2315,0.11278438568115234
2316,0.11220312118530273
2317,0.11218881607055664
2318,0.11264872550964355
2319,0.11221551895141602
2320,0.11262989044189453
2321,0.11363458633422852
2322,0.11453127861022949
2323,0.11289501190185547
2324,0.11319756507873535
2325,0.11252284049987793
2326,0.11377239227294922
2327,0.11313652992248535
2328,0.11348581314086914
2329,0.11289453506469727
2330,0.11341142654418945
2331,0.11304259300231934
2332,0.11307144165039062
2333,0.11339879035949707
2334,0.11344718933105469
2335,0.11441898345947266
2336,0.11500167846679688
2337,0.1137230396270752
2338,0.11417198181152344
2339,0.11415839195251465
2340,0.11421561241149902
2341,0.11354565620422363
2342,0.1152963638305664
2343,0.0948488712310791
2344,0.11359262466430664
2345,0.1143801212310791
2346,0.11442208290100098
2347,0.11498188972473145
2348,0.11488628387451172
2349,0.11412262916564941
2350,0.11385536193847656
2351,0.11426758766174316
2352,0.11632466316223145
2353,0.11513185501098633
2354,0.11544466018676758
2355,0.11503362655639648
2356,0.11434125900268555
2357,0.11496949195861816
2358,0.11574912071228027
2359,0.1156611442565918
2360,0.11558723449707031
2361,0.11516833305358887
2362,0.11662530899047852
2363,0.11533951759338379
2364,0.1150519847869873
2365,0.11659884452819824
2366,0.11514782905578613
2367,0.11541938781738281
2368,0.12277674674987793
2369,0.11751461029052734
2370,0.11560869216918945
2371,0.11580610275268555
2372,0.11769628524780273
2373,0.11557340621948242
2374,0.11583733558654785
2375,0.11644697189331055
2376,0.11582636833190918
2377,0.11615180969238281
2378,0.11576008796691895
2379,0.11713862419128418
2380,0.11618947982788086
2381,0.11581015586853027
2382,0.11614704132080078
2383,0.1164250373840332
2384,0.11666417121887207
2385,0.1160435676574707
2386,0.11650729179382324
2387,0.11620759963989258
2388,0.11667633056640625
2389,0.11658644676208496
2390,0.1163632869720459
2391,0.11645007133483887
2392,0.11664938926696777
2393,0.11699104309082031
2394,0.11618399620056152
2395,0.11661696434020996
2396,0.11681675910949707
2397,0.11729025840759277
2398,0.11725902557373047
2399,0.12624812126159668
2400,0.11730718612670898
2401,0.11704754829406738
2402,0.11641883850097656
2403,0.11723947525024414
2404,0.11754226684570312
2405,0.1174168586730957
2406,0.11894416809082031
2407,0.11799860000610352
2408,0.11792159080505371
2409,0.11725616455078125
2410,0.11718988418579102
2411,0.11714982986450195
2412,0.11725234985351562
2413,0.11699557304382324
2414,0.11738228797912598
2415,0.1177222728729248
2416,0.11790060997009277
2417,0.11767911911010742
2418,0.11832332611083984
2419,0.11840319633483887
2420,0.11800575256347656
2421,0.11764931678771973
2422,0.11818385124206543
2423,0.11821389198303223
2424,0.11854958534240723
2425,0.11835813522338867
2426,0.11858725547790527
2427,0.1268754005432129
2428,0.1182861328125
2429,0.11927938461303711
2430,0.11989569664001465
2431,0.11924457550048828
2432,0.11879777908325195
2433,0.11941218376159668
2434,0.12028741836547852
2435,0.11872243881225586
2436,0.12012624740600586
2437,0.11968302726745605
2438,0.11943602561950684
2439,0.1187593936920166
2440,0.1192176342010498
2441,0.12010335922241211
2442,0.11912226676940918
2443,0.11897897720336914
2444,0.11918973922729492
2445,0.11923408508300781
2446,0.1194460391998291
2447,0.11942911148071289
2448,0.11959123611450195
2449,0.12014651298522949
2450,0.12004256248474121
2451,0.12037825584411621
2452,0.12026476860046387
2453,0.11998319625854492
2454,0.12032771110534668
2455,0.12813329696655273
2456,0.12038636207580566
2457,0.11972260475158691
2458,0.1208946704864502
2459,0.12018752098083496
2460,0.1205894947052002
2461,0.12047839164733887
2462,0.12004828453063965
2463,0.12020468711853027
2464,0.12079620361328125
2465,0.12026357650756836
2466,0.12085890769958496
2467,0.1208493709564209
2468,0.12062358856201172
2469,0.12053585052490234
2470,0.1211080551147461
2471,0.12074398994445801
2472,0.12054443359375
2473,0.12042355537414551
2474,0.12097644805908203
2475,0.12118911743164062
2476,0.12076902389526367
2477,0.1211099624633789
2478,0.12139678001403809
2479,0.12290334701538086
2480,0.12101101875305176
2481,0.12253427505493164
2482,0.12182259559631348
2483,0.12856292724609375
2484,0.12173891067504883
2485,0.12169170379638672
2486,0.1218411922454834
2487,0.12124896049499512
2488,0.12203383445739746
2489,0.12261414527893066
2490,0.12206029891967773
2491,0.1222679615020752
2492,0.12268185615539551
2493,0.12182235717773438
2494,0.12360167503356934
2495,0.12217569351196289
2496,0.12235593795776367
2497,0.12212491035461426
2498,0.12224888801574707
2499,0.12302446365356445
